transactions,locations,total_amount,limit,result,risk_flag
1,1,2300.0,50000,0,Clean
3,1,9900.0,50000,0,Clean
3,1,4158.42,50000,0,Clean
5,4,36500.0,50000,2,Fraud
1,1,20990.44,50000,2,Fraud
4,4,25600.0,50000,2,Fraud
4,3,40000.0,50000,2,Fraud
1,1,41138.96,50000,2,Fraud
4,4,10400.0,50000,2,Fraud
5,1,10000.0,50000,0,Clean
4,3,9600.0,50000,2,Fraud
1,1,2700.0,50000,0,Clean
3,1,17100.0,50000,0,Clean
1,1,4500.0,50000,0,Clean
3,3,3600.0,50000,2,Fraud
4,3,30000.0,50000,2,Fraud
2,1,48663.33,50000,2,Fraud
1,1,3700.0,50000,0,Clean
1,1,7162.71,50000,0,Clean
3,1,41818.78,50000,2,Fraud
3,3,14815.49,50000,2,Fraud
1,1,42692.03,50000,2,Fraud
5,1,9370.66,50000,0,Clean
4,1,16213.4,50000,2,Fraud
5,1,40000.0,50000,0,Suspecious
3,3,30151.03,50000,2,Fraud
5,1,38011.79,50000,2,Fraud
5,5,43000.0,50000,2,Fraud
5,3,44500.0,50000,2,Fraud
2,1,2119.59,50000,0,Clean
3,2,12000.0,50000,0,Clean
5,1,17091.78,50000,2,Fraud
5,1,42000.0,50000,0,Suspecious
1,1,653.95,50000,0,Clean
1,1,9000.0,50000,0,Clean
3,3,2795.69,50000,2,Fraud
2,2,11800.0,50000,1,Clean
2,2,8316.69,50000,1,Clean
4,4,14800.0,50000,2,Fraud
4,2,17623.87,50000,2,Fraud
3,2,22200.0,50000,0,Clean
5,3,50000.0,50000,2,Fraud
1,1,28840.59,50000,2,Fraud
1,1,29659.96,50000,2,Fraud
5,3,16000.0,50000,2,Fraud
2,1,9800.0,50000,0,Clean
4,3,7055.9,50000,2,Fraud
3,3,178.86,50000,2,Fraud
1,1,700.0,50000,0,Clean
4,4,187.59,50000,2,Fraud
5,5,35151.41,50000,2,Fraud
2,1,34107.46,50000,2,Fraud
5,5,19000.0,50000,2,Fraud
1,1,6900.0,50000,0,Clean
2,1,49988.55,50000,2,Fraud
4,4,10521.79,50000,2,Fraud
3,3,23100.0,50000,2,Fraud
5,2,7000.0,50000,0,Clean
5,3,47000.0,50000,2,Fraud
1,1,168.31,50000,0,Clean
5,3,25740.72,50000,2,Fraud
5,3,38505.15,50000,2,Fraud
2,2,15800.0,50000,1,Clean
2,2,4800.0,50000,1,Clean
5,1,48784.71,50000,2,Fraud
2,1,11800.0,50000,0,Clean
5,1,27611.24,50000,2,Fraud
4,3,9200.0,50000,2,Fraud
5,2,33000.0,50000,0,Clean
3,1,3000.0,50000,0,Clean
5,5,38862.79,50000,2,Fraud
1,1,9200.0,50000,0,Clean
5,4,12500.0,50000,2,Fraud
4,2,8400.0,50000,0,Clean
5,3,25500.0,50000,2,Fraud
2,2,15056.81,50000,2,Fraud
1,1,15394.02,50000,2,Fraud
5,2,48500.0,50000,0,Clean
2,2,6000.0,50000,1,Clean
4,2,36442.85,50000,2,Fraud
1,1,43871.53,50000,2,Fraud
2,2,4000.0,50000,1,Clean
4,2,18000.0,50000,0,Clean
1,1,14217.95,50000,2,Fraud
2,1,41754.13,50000,2,Fraud
4,3,26918.16,50000,2,Fraud
3,2,21823.25,50000,2,Fraud
2,2,21582.54,50000,2,Fraud
4,3,9200.0,50000,2,Fraud
2,1,25979.01,50000,2,Fraud
4,2,2800.0,50000,0,Clean
2,1,26349.28,50000,2,Fraud
4,1,27600.0,50000,0,Clean
2,2,2200.0,50000,1,Clean
1,1,3300.0,50000,0,Clean
2,1,20526.39,50000,2,Fraud
5,1,29101.85,50000,2,Fraud
2,1,3448.81,50000,0,Clean
1,1,26732.61,50000,2,Fraud
5,2,30500.0,50000,0,Clean
1,1,44902.74,50000,2,Fraud
5,2,3500.0,50000,0,Clean
5,5,13500.0,50000,2,Fraud
3,1,2400.0,50000,0,Clean
4,1,30818.45,50000,2,Fraud
1,1,400.0,50000,0,Clean
4,1,36400.0,50000,0,Suspecious
4,2,16962.11,50000,2,Fraud
2,2,3148.42,50000,1,Clean
3,1,1500.0,50000,0,Clean
4,1,14445.03,50000,2,Fraud
2,2,7110.13,50000,1,Clean
4,1,14800.0,50000,0,Clean
1,1,31014.2,50000,2,Fraud
1,1,13850.47,50000,2,Fraud
3,3,16500.0,50000,2,Fraud
1,1,3900.0,50000,0,Clean
5,4,32613.21,50000,2,Fraud
1,1,7500.0,50000,0,Clean
5,1,44000.0,50000,0,Suspecious
1,1,3100.0,50000,0,Clean
4,3,40957.48,50000,2,Fraud
1,1,42899.66,50000,2,Fraud
4,2,32800.0,50000,0,Clean
2,1,34786.92,50000,2,Fraud
2,1,10706.13,50000,2,Fraud
2,1,824.4,50000,0,Clean
2,2,41634.89,50000,2,Fraud
1,1,500.0,50000,0,Clean
2,2,26257.64,50000,2,Fraud
3,2,16800.0,50000,0,Clean
1,1,5300.0,50000,0,Clean
5,4,42812.97,50000,2,Fraud
1,1,3400.0,50000,0,Clean
4,4,11200.0,50000,2,Fraud
5,1,41000.0,50000,0,Suspecious
2,1,15308.39,50000,2,Fraud
1,1,1700.0,50000,0,Clean
5,4,18978.88,50000,2,Fraud
5,5,36500.0,50000,2,Fraud
2,2,11088.0,50000,1,Clean
2,1,31529.28,50000,2,Fraud
4,2,800.0,50000,0,Clean
1,1,6533.87,50000,0,Clean
2,2,4400.0,50000,1,Clean
4,2,40857.21,50000,2,Fraud
1,1,5200.0,50000,0,Clean
3,2,30000.0,50000,0,Clean
4,4,47034.91,50000,2,Fraud
1,1,2000.0,50000,0,Clean
2,2,21267.08,50000,2,Fraud
4,3,41918.95,50000,2,Fraud
3,1,11421.46,50000,2,Fraud
3,3,24000.0,50000,2,Fraud
3,1,1200.0,50000,0,Clean
3,3,33410.89,50000,2,Fraud
1,1,8000.0,50000,0,Clean
2,2,9400.0,50000,1,Clean
5,4,30000.0,50000,2,Fraud
2,1,8121.84,50000,0,Clean
1,1,27285.83,50000,2,Fraud
4,4,19600.0,50000,2,Fraud
5,5,43784.46,50000,2,Fraud
1,1,700.0,50000,0,Clean
5,3,33410.13,50000,2,Fraud
2,1,41931.77,50000,2,Fraud
2,2,7600.0,50000,1,Clean
3,2,47043.98,50000,2,Fraud
2,2,2200.0,50000,1,Clean
1,1,13836.28,50000,2,Fraud
5,2,5571.67,50000,0,Clean
2,1,310.16,50000,0,Clean
2,2,18000.0,50000,1,Clean
3,2,14400.0,50000,0,Clean
2,2,41381.44,50000,2,Fraud
5,4,36466.8,50000,2,Fraud
5,3,24402.54,50000,2,Fraud
1,1,6300.0,50000,0,Clean
5,5,4528.14,50000,2,Fraud
5,3,2000.0,50000,2,Fraud
3,1,45894.27,50000,2,Fraud
1,1,23069.89,50000,2,Fraud
2,1,10200.0,50000,0,Clean
4,1,28400.0,50000,0,Clean
1,1,13609.99,50000,2,Fraud
5,5,24500.0,50000,2,Fraud
1,1,7200.0,50000,0,Clean
3,2,28392.73,50000,2,Fraud
2,2,3000.0,50000,1,Clean
4,4,3200.0,50000,2,Fraud
3,3,17400.0,50000,2,Fraud
5,2,25358.75,50000,2,Fraud
2,2,10800.0,50000,1,Clean
1,1,9700.0,50000,0,Clean
1,1,8700.0,50000,0,Clean
4,4,29600.0,50000,2,Fraud
1,1,8700.0,50000,0,Clean
2,1,16600.0,50000,0,Clean
5,2,12000.0,50000,0,Clean
2,1,37833.39,50000,2,Fraud
1,1,8200.0,50000,0,Clean
3,1,25500.0,50000,0,Clean
3,1,38874.75,50000,2,Fraud
2,2,18000.0,50000,1,Clean
2,1,6000.0,50000,0,Clean
4,4,28000.0,50000,2,Fraud
2,1,5800.0,50000,0,Clean
3,2,22200.0,50000,0,Clean
4,3,26621.64,50000,2,Fraud
4,2,30400.0,50000,0,Clean
3,3,24111.18,50000,2,Fraud
5,3,32500.0,50000,2,Fraud
5,5,18000.0,50000,2,Fraud
5,5,19306.35,50000,2,Fraud
4,4,39600.0,50000,2,Fraud
5,5,18801.64,50000,2,Fraud
3,1,24377.66,50000,2,Fraud
3,1,4200.0,50000,0,Clean
4,1,15919.85,50000,2,Fraud
3,2,900.0,50000,0,Clean
5,3,25000.0,50000,2,Fraud
2,1,48592.71,50000,2,Fraud
3,2,21600.0,50000,0,Clean
1,1,10978.58,50000,2,Fraud
5,2,36500.0,50000,0,Clean
5,5,31000.0,50000,2,Fraud
1,1,9800.0,50000,0,Clean
3,2,19301.82,50000,2,Fraud
3,3,3392.49,50000,2,Fraud
1,1,5900.0,50000,0,Clean
1,1,7400.0,50000,0,Clean
1,1,9876.14,50000,0,Clean
1,1,1200.0,50000,0,Clean
5,1,38000.0,50000,0,Suspecious
4,1,35200.0,50000,0,Suspecious
2,2,29457.07,50000,2,Fraud
4,2,23017.42,50000,2,Fraud
3,2,3496.35,50000,0,Clean
5,2,31523.8,50000,2,Fraud
5,3,39500.0,50000,2,Fraud
5,1,12000.0,50000,0,Clean
5,2,37000.0,50000,0,Clean
2,2,4000.0,50000,1,Clean
2,1,49568.11,50000,2,Fraud
1,1,9700.0,50000,0,Clean
3,1,5000.23,50000,0,Clean
4,1,1403.52,50000,0,Clean
2,1,37817.1,50000,2,Fraud
4,2,7009.92,50000,0,Clean
5,2,17426.37,50000,2,Fraud
4,1,9200.0,50000,0,Clean
1,1,11004.72,50000,2,Fraud
1,1,9900.0,50000,0,Clean
5,1,34594.63,50000,2,Fraud
5,4,44813.78,50000,2,Fraud
5,1,37000.0,50000,0,Suspecious
4,4,16800.0,50000,2,Fraud
3,3,8100.0,50000,2,Fraud
5,2,25500.0,50000,0,Clean
2,2,35612.88,50000,2,Fraud
3,1,15900.0,50000,0,Clean
5,2,23649.64,50000,2,Fraud
3,3,25260.41,50000,2,Fraud
4,3,15456.38,50000,2,Fraud
2,2,9201.34,50000,1,Clean
4,4,2400.0,50000,2,Fraud
1,1,4451.9,50000,0,Clean
5,3,18896.22,50000,2,Fraud
2,2,6400.0,50000,1,Clean
1,1,7100.0,50000,0,Clean
3,3,30000.0,50000,2,Fraud
4,1,5661.28,50000,0,Clean
2,2,36527.38,50000,2,Fraud
2,2,4200.0,50000,1,Clean
1,1,40253.28,50000,2,Fraud
4,2,23687.86,50000,2,Fraud
5,2,22665.89,50000,2,Fraud
2,2,44033.22,50000,2,Fraud
4,4,17600.0,50000,2,Fraud
1,1,8600.0,50000,0,Clean
2,2,13581.3,50000,2,Fraud
1,1,36103.81,50000,2,Fraud
5,2,18000.0,50000,0,Clean
2,2,17575.17,50000,2,Fraud
1,1,6500.0,50000,0,Clean
4,1,30800.0,50000,0,Suspecious
5,2,42500.0,50000,0,Clean
1,1,4200.0,50000,0,Clean
2,2,43811.81,50000,2,Fraud
3,1,24600.0,50000,0,Clean
1,1,28237.56,50000,2,Fraud
1,1,8000.0,50000,0,Clean
4,2,18800.0,50000,0,Clean
4,4,28000.0,50000,2,Fraud
4,4,2097.57,50000,2,Fraud
1,1,9780.87,50000,0,Clean
2,2,13800.0,50000,1,Clean
2,2,15000.0,50000,1,Clean
4,3,19474.89,50000,2,Fraud
3,1,998.69,50000,0,Clean
1,1,6100.0,50000,0,Clean
2,2,36913.89,50000,2,Fraud
2,1,16000.0,50000,0,Clean
5,1,45000.0,50000,0,Suspecious
3,3,11933.08,50000,2,Fraud
3,2,27900.0,50000,0,Clean
4,3,42994.85,50000,2,Fraud
5,5,27000.0,50000,2,Fraud
5,1,7500.0,50000,0,Clean
5,2,37500.0,50000,0,Clean
5,2,41328.92,50000,2,Fraud
3,2,5700.0,50000,0,Clean
3,1,13310.08,50000,2,Fraud
3,3,12300.0,50000,2,Fraud
5,4,33500.0,50000,2,Fraud
1,1,9700.0,50000,0,Clean
2,1,3400.0,50000,0,Clean
1,1,30390.22,50000,2,Fraud
2,1,10880.27,50000,2,Fraud
5,4,12606.09,50000,2,Fraud
3,2,25464.9,50000,2,Fraud
1,1,9000.0,50000,0,Clean
1,1,31088.57,50000,2,Fraud
2,2,16200.0,50000,1,Clean
4,3,24800.0,50000,2,Fraud
1,1,19333.42,50000,2,Fraud
4,3,25200.0,50000,2,Fraud
4,1,742.4,50000,0,Clean
3,3,14400.0,50000,2,Fraud
4,1,19200.0,50000,0,Clean
3,1,18257.95,50000,2,Fraud
2,2,3800.0,50000,1,Clean
2,1,13400.0,50000,0,Clean
4,4,800.0,50000,2,Fraud
2,1,6400.0,50000,0,Clean
1,1,5514.62,50000,0,Clean
5,1,32440.41,50000,2,Fraud
3,2,28613.49,50000,2,Fraud
4,4,2800.0,50000,2,Fraud
1,1,5063.57,50000,0,Clean
3,3,14955.53,50000,2,Fraud
4,1,28800.0,50000,0,Clean
3,1,13200.0,50000,0,Clean
5,4,11985.3,50000,2,Fraud
3,2,34003.52,50000,2,Fraud
1,1,2800.0,50000,0,Clean
2,2,4200.0,50000,1,Clean
3,3,44389.83,50000,2,Fraud
4,4,33109.02,50000,2,Fraud
5,3,10960.07,50000,2,Fraud
2,2,7600.0,50000,1,Clean
3,3,19800.0,50000,2,Fraud
2,1,107.9,50000,0,Clean
3,2,9000.0,50000,0,Clean
5,5,11703.0,50000,2,Fraud
2,2,3400.0,50000,1,Clean
1,1,46875.35,50000,2,Fraud
2,2,46811.37,50000,2,Fraud
1,1,20829.63,50000,2,Fraud
1,1,32373.25,50000,2,Fraud
1,1,3700.0,50000,0,Clean
3,3,28200.0,50000,2,Fraud
3,3,19800.0,50000,2,Fraud
3,2,24483.06,50000,2,Fraud
5,1,34289.44,50000,2,Fraud
4,4,37582.83,50000,2,Fraud
4,3,4220.7,50000,2,Fraud
4,4,7960.58,50000,2,Fraud
3,1,15900.0,50000,0,Clean
5,3,28500.0,50000,2,Fraud
3,2,34432.13,50000,2,Fraud
3,1,9600.0,50000,0,Clean
4,4,3600.0,50000,2,Fraud
5,2,35317.39,50000,2,Fraud
1,1,26159.13,50000,2,Fraud
5,1,37000.0,50000,0,Suspecious
1,1,8800.0,50000,0,Clean
4,1,48545.31,50000,2,Fraud
5,4,43500.0,50000,2,Fraud
4,3,8400.0,50000,2,Fraud
1,1,17103.2,50000,2,Fraud
5,2,1205.43,50000,0,Clean
4,3,44233.78,50000,2,Fraud
4,3,23150.28,50000,2,Fraud
4,1,25418.16,50000,2,Fraud
3,2,48300.6,50000,2,Fraud
2,1,44602.22,50000,2,Fraud
4,1,30585.52,50000,2,Fraud
4,3,27397.74,50000,2,Fraud
3,2,6000.0,50000,0,Clean
1,1,4200.0,50000,0,Clean
2,1,8600.0,50000,0,Clean
3,1,18600.0,50000,0,Clean
5,2,34336.69,50000,2,Fraud
4,4,27774.79,50000,2,Fraud
3,1,2419.54,50000,0,Clean
5,5,42500.0,50000,2,Fraud
5,2,17878.53,50000,2,Fraud
3,3,2387.05,50000,2,Fraud
5,1,1500.0,50000,0,Clean
4,4,5952.63,50000,2,Fraud
2,1,15991.7,50000,2,Fraud
5,2,37479.33,50000,2,Fraud
4,3,24133.36,50000,2,Fraud
3,1,27000.0,50000,0,Clean
3,2,14400.0,50000,0,Clean
4,3,27200.0,50000,2,Fraud
2,1,30016.48,50000,2,Fraud
1,1,3336.28,50000,0,Clean
4,3,36800.0,50000,2,Fraud
4,2,23881.93,50000,2,Fraud
4,1,16492.69,50000,2,Fraud
2,2,616.44,50000,1,Clean
4,2,29600.0,50000,0,Clean
5,4,34261.17,50000,2,Fraud
5,2,11246.74,50000,2,Fraud
1,1,9000.0,50000,0,Clean
5,2,37500.0,50000,0,Clean
1,1,1043.94,50000,0,Clean
5,4,37500.0,50000,2,Fraud
2,2,16448.77,50000,2,Fraud
2,2,8000.0,50000,1,Clean
5,5,24500.0,50000,2,Fraud
1,1,2400.0,50000,0,Clean
1,1,36423.13,50000,2,Fraud
5,3,31136.39,50000,2,Fraud
5,5,19000.0,50000,2,Fraud
3,1,48944.21,50000,2,Fraud
3,1,13628.12,50000,2,Fraud
4,1,28800.0,50000,0,Clean
4,4,34800.0,50000,2,Fraud
1,1,43306.14,50000,2,Fraud
4,4,1800.67,50000,2,Fraud
3,3,37930.35,50000,2,Fraud
5,2,42500.0,50000,0,Clean
5,2,21500.0,50000,0,Clean
3,3,16254.24,50000,2,Fraud
2,2,1300.61,50000,1,Clean
5,2,46500.0,50000,0,Clean
2,2,19400.0,50000,1,Clean
5,1,43559.51,50000,2,Fraud
2,2,40244.48,50000,2,Fraud
4,4,32885.97,50000,2,Fraud
3,1,18061.6,50000,2,Fraud
5,5,9167.23,50000,2,Fraud
4,2,8400.0,50000,0,Clean
5,1,24000.0,50000,0,Clean
4,3,20812.37,50000,2,Fraud
1,1,9800.0,50000,0,Clean
4,4,19885.76,50000,2,Fraud
5,2,4153.3,50000,0,Clean
2,1,21150.87,50000,2,Fraud
3,2,16500.0,50000,0,Clean
5,1,40500.0,50000,0,Suspecious
4,1,10000.0,50000,0,Clean
4,3,12800.0,50000,2,Fraud
4,3,43248.91,50000,2,Fraud
4,4,37242.35,50000,2,Fraud
2,2,25963.33,50000,2,Fraud
4,1,25388.81,50000,2,Fraud
3,2,2100.0,50000,0,Clean
3,3,27841.99,50000,2,Fraud
2,1,17600.0,50000,0,Clean
5,1,19500.0,50000,0,Clean
3,1,16500.0,50000,0,Clean
4,3,45873.89,50000,2,Fraud
3,3,17700.0,50000,2,Fraud
5,3,40982.46,50000,2,Fraud
3,3,20400.0,50000,2,Fraud
4,4,694.1,50000,2,Fraud
3,2,3600.0,50000,0,Clean
3,1,37407.47,50000,2,Fraud
1,1,7100.0,50000,0,Clean
1,1,800.0,50000,0,Clean
2,1,46338.53,50000,2,Fraud
2,1,6000.0,50000,0,Clean
1,1,8163.44,50000,0,Clean
4,3,35000.12,50000,2,Fraud
2,1,17000.0,50000,0,Clean
5,1,12273.27,50000,2,Fraud
3,3,5644.78,50000,2,Fraud
5,1,9766.56,50000,0,Clean
1,1,2785.3,50000,0,Clean
3,2,4500.0,50000,0,Clean
4,2,12000.0,50000,0,Clean
3,2,17973.7,50000,2,Fraud
2,2,1600.0,50000,1,Clean
2,2,10348.72,50000,2,Fraud
3,3,22182.44,50000,2,Fraud
5,4,14000.0,50000,2,Fraud
4,1,38900.98,50000,2,Fraud
5,2,1000.0,50000,0,Clean
5,5,3299.98,50000,2,Fraud
2,1,44580.44,50000,2,Fraud
5,3,11950.88,50000,2,Fraud
2,2,21019.22,50000,2,Fraud
1,1,2635.04,50000,0,Clean
1,1,7700.0,50000,0,Clean
3,2,12300.0,50000,0,Clean
5,4,8115.17,50000,2,Fraud
3,3,22800.0,50000,2,Fraud
1,1,5100.0,50000,0,Clean
5,4,36500.0,50000,2,Fraud
1,1,7000.0,50000,0,Clean
4,1,2659.07,50000,0,Clean
2,2,7800.0,50000,1,Clean
5,1,17000.0,50000,0,Clean
4,2,8440.12,50000,0,Clean
4,3,40182.32,50000,2,Fraud
5,4,41000.0,50000,2,Fraud
4,4,33094.54,50000,2,Fraud
3,3,23100.0,50000,2,Fraud
5,1,40000.0,50000,0,Suspecious
2,1,45429.72,50000,2,Fraud
1,1,4100.0,50000,0,Clean
2,2,8600.0,50000,1,Clean
2,1,32993.31,50000,2,Fraud
2,1,2497.11,50000,0,Clean
2,1,24508.17,50000,2,Fraud
4,2,27200.0,50000,0,Clean
1,1,49358.03,50000,2,Fraud
5,4,33892.85,50000,2,Fraud
1,1,5600.0,50000,0,Clean
4,1,3804.15,50000,0,Clean
2,2,3285.66,50000,1,Clean
2,2,10200.0,50000,1,Clean
3,2,18600.0,50000,0,Clean
3,2,8718.42,50000,0,Clean
3,3,28800.0,50000,2,Fraud
3,1,27600.0,50000,0,Clean
1,1,3200.0,50000,0,Clean
3,3,23470.12,50000,2,Fraud
1,1,22302.19,50000,2,Fraud
1,1,8800.0,50000,0,Clean
4,3,2722.87,50000,2,Fraud
1,1,2900.0,50000,0,Clean
1,1,8200.0,50000,0,Clean
4,1,37200.0,50000,0,Suspecious
2,1,29183.72,50000,2,Fraud
3,3,46977.35,50000,2,Fraud
4,4,38491.74,50000,2,Fraud
1,1,3500.0,50000,0,Clean
1,1,8600.0,50000,0,Clean
5,4,19000.0,50000,2,Fraud
4,2,2400.0,50000,0,Clean
5,5,10887.11,50000,2,Fraud
1,1,2500.0,50000,0,Clean
3,1,25200.0,50000,0,Clean
3,3,8226.05,50000,2,Fraud
2,1,10200.0,50000,0,Clean
5,1,3895.76,50000,0,Clean
5,3,18000.0,50000,2,Fraud
1,1,8400.0,50000,0,Clean
1,1,5791.91,50000,0,Clean
5,3,33406.48,50000,2,Fraud
3,2,9600.0,50000,0,Clean
1,1,4000.0,50000,0,Clean
2,1,17600.0,50000,0,Clean
1,1,14736.13,50000,2,Fraud
1,1,3700.0,50000,0,Clean
5,2,10340.64,50000,2,Fraud
5,2,27244.11,50000,2,Fraud
1,1,8200.0,50000,0,Clean
5,3,45500.0,50000,2,Fraud
5,4,38913.01,50000,2,Fraud
2,2,16946.73,50000,2,Fraud
4,3,18000.0,50000,2,Fraud
4,2,37050.1,50000,2,Fraud
2,1,15400.0,50000,0,Clean
5,2,14417.11,50000,2,Fraud
4,3,27825.76,50000,2,Fraud
5,3,9042.9,50000,2,Fraud
2,1,1814.09,50000,0,Clean
5,1,17983.45,50000,2,Fraud
2,2,26379.83,50000,2,Fraud
2,1,4200.0,50000,0,Clean
4,3,19369.96,50000,2,Fraud
3,2,12300.0,50000,0,Clean
4,4,2800.0,50000,2,Fraud
1,1,6400.0,50000,0,Clean
5,1,6179.94,50000,0,Clean
4,1,4582.17,50000,0,Clean
2,2,16600.0,50000,1,Clean
5,4,31016.05,50000,2,Fraud
4,1,18400.0,50000,0,Clean
1,1,34391.08,50000,2,Fraud
2,2,16478.1,50000,2,Fraud
2,2,5998.43,50000,1,Clean
5,4,23989.23,50000,2,Fraud
2,2,1200.0,50000,1,Clean
3,1,39994.34,50000,2,Fraud
3,2,45883.22,50000,2,Fraud
2,1,2400.0,50000,0,Clean
5,4,785.34,50000,2,Fraud
2,1,16600.0,50000,0,Clean
1,1,1300.0,50000,0,Clean
5,1,14500.0,50000,0,Clean
4,1,19200.0,50000,0,Clean
5,1,44432.37,50000,2,Fraud
2,1,6212.7,50000,0,Clean
1,1,822.16,50000,0,Clean
5,1,31598.45,50000,2,Fraud
3,1,18900.0,50000,0,Clean
3,1,21856.16,50000,2,Fraud
3,2,21300.0,50000,0,Clean
3,3,27000.0,50000,2,Fraud
4,1,19600.0,50000,0,Clean
2,2,14800.0,50000,1,Clean
4,1,15440.63,50000,2,Fraud
3,1,10800.0,50000,0,Clean
4,2,3636.12,50000,0,Clean
5,4,18213.15,50000,2,Fraud
5,4,3000.0,50000,2,Fraud
4,2,23200.0,50000,0,Clean
4,4,18278.53,50000,2,Fraud
4,4,17014.8,50000,2,Fraud
3,2,46549.83,50000,2,Fraud
4,3,30800.0,50000,2,Fraud
1,1,7900.0,50000,0,Clean
4,2,35240.18,50000,2,Fraud
1,1,6600.0,50000,0,Clean
4,2,26000.0,50000,0,Clean
1,1,8800.0,50000,0,Clean
5,5,21643.89,50000,2,Fraud
3,1,26100.0,50000,0,Clean
1,1,6800.0,50000,0,Clean
3,1,24000.0,50000,0,Clean
4,4,29282.22,50000,2,Fraud
3,1,27725.4,50000,2,Fraud
5,2,11500.0,50000,0,Clean
2,2,15000.0,50000,1,Clean
4,3,9600.0,50000,2,Fraud
5,2,50000.0,50000,0,Clean
3,2,24000.0,50000,0,Clean
1,1,21764.87,50000,2,Fraud
2,2,14600.0,50000,1,Clean
2,1,44422.36,50000,2,Fraud
3,1,12600.0,50000,0,Clean
2,1,6400.0,50000,0,Clean
2,2,30925.11,50000,2,Fraud
3,1,36519.16,50000,2,Fraud
3,3,3300.0,50000,2,Fraud
3,1,15300.0,50000,0,Clean
5,3,23000.0,50000,2,Fraud
1,1,9662.57,50000,0,Clean
2,2,2400.0,50000,1,Clean
4,1,6800.0,50000,0,Clean
5,1,1000.0,50000,0,Clean
4,3,22400.0,50000,2,Fraud
4,2,44541.24,50000,2,Fraud
4,1,14422.11,50000,2,Fraud
4,2,35600.0,50000,0,Clean
5,2,487.31,50000,0,Clean
5,3,5299.97,50000,2,Fraud
4,2,28400.0,50000,0,Clean
3,3,40788.38,50000,2,Fraud
5,2,17059.9,50000,2,Fraud
4,1,23092.35,50000,2,Fraud
2,1,19412.65,50000,2,Fraud
2,1,7400.0,50000,0,Clean
4,2,25367.61,50000,2,Fraud
5,1,16556.98,50000,2,Fraud
2,2,29074.8,50000,2,Fraud
4,3,34168.69,50000,2,Fraud
4,1,39726.2,50000,2,Fraud
5,3,18500.0,50000,2,Fraud
3,1,12000.0,50000,0,Clean
1,1,46071.33,50000,2,Fraud
3,1,29400.0,50000,0,Clean
1,1,36234.2,50000,2,Fraud
3,1,28053.48,50000,2,Fraud
3,2,39408.64,50000,2,Fraud
4,1,6123.08,50000,0,Clean
4,3,30944.19,50000,2,Fraud
4,2,5389.37,50000,0,Clean
5,3,22706.81,50000,2,Fraud
1,1,3700.0,50000,0,Clean
2,2,32608.11,50000,2,Fraud
2,2,4200.0,50000,1,Clean
5,3,48500.0,50000,2,Fraud
4,2,22800.0,50000,0,Clean
4,3,7813.24,50000,2,Fraud
3,1,23700.0,50000,0,Clean
1,1,7100.0,50000,0,Clean
1,1,25590.91,50000,2,Fraud
4,3,24000.0,50000,2,Fraud
3,1,21600.0,50000,0,Clean
3,2,586.87,50000,0,Clean
3,1,3300.0,50000,0,Clean
1,1,6200.0,50000,0,Clean
3,2,27900.0,50000,0,Clean
4,3,42036.9,50000,2,Fraud
1,1,3300.0,50000,0,Clean
4,4,25600.0,50000,2,Fraud
4,4,35566.21,50000,2,Fraud
4,2,16000.0,50000,0,Clean
2,2,15749.97,50000,2,Fraud
1,1,700.0,50000,0,Clean
4,4,7614.92,50000,2,Fraud
3,2,43450.13,50000,2,Fraud
1,1,1000.0,50000,0,Clean
4,4,36000.0,50000,2,Fraud
2,2,47636.49,50000,2,Fraud
5,2,21000.0,50000,0,Clean
3,1,1800.0,50000,0,Clean
3,1,2700.0,50000,0,Clean
3,1,3372.95,50000,0,Clean
4,4,25716.33,50000,2,Fraud
4,1,20153.18,50000,2,Fraud
2,2,16281.85,50000,2,Fraud
4,2,8391.6,50000,0,Clean
5,1,47244.54,50000,2,Fraud
2,1,11600.0,50000,0,Clean
4,1,20360.87,50000,2,Fraud
3,2,14045.08,50000,2,Fraud
4,1,13600.0,50000,0,Clean
4,4,41437.83,50000,2,Fraud
3,1,5400.0,50000,0,Clean
2,1,18200.0,50000,0,Clean
4,4,42121.35,50000,2,Fraud
3,2,1951.43,50000,0,Clean
5,3,46956.07,50000,2,Fraud
3,3,23700.0,50000,2,Fraud
5,1,15023.62,50000,2,Fraud
5,5,13268.4,50000,2,Fraud
3,2,9000.0,50000,0,Clean
4,3,26000.0,50000,2,Fraud
4,4,19200.0,50000,2,Fraud
5,2,2949.47,50000,0,Clean
3,3,24300.0,50000,2,Fraud
1,1,9500.0,50000,0,Clean
1,1,48978.75,50000,2,Fraud
2,2,30339.72,50000,2,Fraud
5,4,2500.0,50000,2,Fraud
5,4,3000.0,50000,2,Fraud
3,1,14400.0,50000,0,Clean
2,1,44695.89,50000,2,Fraud
2,2,7228.26,50000,1,Clean
4,4,28000.0,50000,2,Fraud
3,3,24680.34,50000,2,Fraud
2,1,30722.14,50000,2,Fraud
5,2,47827.28,50000,2,Fraud
3,3,15900.0,50000,2,Fraud
5,5,38546.77,50000,2,Fraud
1,1,11658.52,50000,2,Fraud
5,4,7947.18,50000,2,Fraud
1,1,6000.0,50000,0,Clean
4,1,7381.62,50000,0,Clean
4,3,10287.41,50000,2,Fraud
3,3,14100.0,50000,2,Fraud
2,2,18732.54,50000,2,Fraud
3,1,10200.0,50000,0,Clean
5,1,19759.77,50000,2,Fraud
5,3,7604.84,50000,2,Fraud
4,2,22000.0,50000,0,Clean
5,3,30803.03,50000,2,Fraud
1,1,2300.0,50000,0,Clean
2,2,2600.0,50000,1,Clean
3,3,18600.0,50000,2,Fraud
1,1,29239.1,50000,2,Fraud
3,3,2400.0,50000,2,Fraud
5,5,1500.0,50000,2,Fraud
5,5,44793.35,50000,2,Fraud
4,3,4857.97,50000,2,Fraud
2,2,9800.0,50000,1,Clean
2,2,14901.67,50000,2,Fraud
4,3,33034.01,50000,2,Fraud
4,4,30000.0,50000,2,Fraud
4,4,13165.26,50000,2,Fraud
2,1,10611.36,50000,2,Fraud
4,2,37769.47,50000,2,Fraud
4,2,13772.21,50000,2,Fraud
3,1,13800.0,50000,0,Clean
5,5,2000.0,50000,2,Fraud
5,5,25810.06,50000,2,Fraud
2,1,13745.76,50000,2,Fraud
5,1,9000.0,50000,0,Clean
2,2,25908.31,50000,2,Fraud
1,1,6800.0,50000,0,Clean
4,3,20586.0,50000,2,Fraud
3,2,5400.0,50000,0,Clean
1,1,31652.5,50000,2,Fraud
5,4,3500.0,50000,2,Fraud
2,2,2600.0,50000,1,Clean
2,1,11400.0,50000,0,Clean
4,1,16400.0,50000,0,Clean
3,3,24300.0,50000,2,Fraud
5,2,19392.73,50000,2,Fraud
4,2,8400.0,50000,0,Clean
3,3,27000.0,50000,2,Fraud
2,1,35955.06,50000,2,Fraud
5,3,26157.01,50000,2,Fraud
4,1,46196.79,50000,2,Fraud
2,1,48400.76,50000,2,Fraud
3,3,8400.0,50000,2,Fraud
4,1,17200.0,50000,0,Clean
3,3,28981.83,50000,2,Fraud
5,2,2500.0,50000,0,Clean
2,2,5400.0,50000,1,Clean
1,1,2600.0,50000,0,Clean
2,2,37997.1,50000,2,Fraud
4,3,13811.77,50000,2,Fraud
2,2,42914.78,50000,2,Fraud
1,1,8100.0,50000,0,Clean
5,4,34782.48,50000,2,Fraud
2,1,18400.0,50000,0,Clean
1,1,8300.0,50000,0,Clean
5,4,22569.69,50000,2,Fraud
3,1,3000.0,50000,0,Clean
3,2,12000.0,50000,0,Clean
5,5,36000.0,50000,2,Fraud
4,3,27200.0,50000,2,Fraud
5,2,29500.0,50000,0,Clean
5,2,31454.4,50000,2,Fraud
5,2,2998.06,50000,0,Clean
2,2,36968.17,50000,2,Fraud
2,1,47618.49,50000,2,Fraud
2,2,48431.21,50000,2,Fraud
4,1,31200.0,50000,0,Suspecious
4,4,3764.45,50000,2,Fraud
4,1,12679.69,50000,2,Fraud
1,1,7400.0,50000,0,Clean
5,4,41500.0,50000,2,Fraud
4,1,756.52,50000,0,Clean
3,3,34736.37,50000,2,Fraud
4,2,32000.0,50000,0,Clean
3,1,15940.05,50000,2,Fraud
4,3,39200.0,50000,2,Fraud
1,1,46896.89,50000,2,Fraud
4,2,24686.09,50000,2,Fraud
3,1,13427.17,50000,2,Fraud
1,1,18310.13,50000,2,Fraud
4,3,14509.79,50000,2,Fraud
3,3,3300.0,50000,2,Fraud
3,1,13936.67,50000,2,Fraud
3,2,1245.57,50000,0,Clean
1,1,7900.0,50000,0,Clean
3,1,42992.65,50000,2,Fraud
3,3,11100.0,50000,2,Fraud
2,1,13800.0,50000,0,Clean
4,2,14400.0,50000,0,Clean
5,1,22107.96,50000,2,Fraud
2,2,12400.0,50000,1,Clean
5,2,24476.18,50000,2,Fraud
2,1,2600.0,50000,0,Clean
5,2,46500.0,50000,0,Clean
2,1,15871.89,50000,2,Fraud
3,1,20100.0,50000,0,Clean
1,1,4100.0,50000,0,Clean
3,1,26100.0,50000,0,Clean
5,3,24500.0,50000,2,Fraud
2,2,43691.26,50000,2,Fraud
4,4,19309.53,50000,2,Fraud
3,2,11400.0,50000,0,Clean
1,1,4200.0,50000,0,Clean
3,2,6478.94,50000,0,Clean
3,3,41085.77,50000,2,Fraud
1,1,7600.0,50000,0,Clean
2,2,27107.69,50000,2,Fraud
2,1,23098.61,50000,2,Fraud
4,1,33200.0,50000,0,Suspecious
5,3,5000.0,50000,2,Fraud
2,1,8200.0,50000,0,Clean
2,1,19600.0,50000,0,Clean
4,4,8292.69,50000,2,Fraud
5,2,15088.42,50000,2,Fraud
2,2,16480.6,50000,2,Fraud
1,1,9000.0,50000,0,Clean
1,1,3400.0,50000,0,Clean
2,1,3878.26,50000,0,Clean
1,1,8800.0,50000,0,Clean
4,2,3600.0,50000,0,Clean
4,1,40959.32,50000,2,Fraud
2,1,6200.0,50000,0,Clean
1,1,19991.14,50000,2,Fraud
3,2,27000.0,50000,0,Clean
4,4,20400.0,50000,2,Fraud
2,1,4723.89,50000,0,Clean
5,4,9500.0,50000,2,Fraud
2,1,5870.12,50000,0,Clean
2,1,17800.0,50000,0,Clean
2,2,2800.0,50000,1,Clean
4,4,11600.0,50000,2,Fraud
5,2,15137.35,50000,2,Fraud
2,2,4600.0,50000,1,Clean
3,3,46817.61,50000,2,Fraud
5,3,29000.0,50000,2,Fraud
2,1,1400.0,50000,0,Clean
4,4,24400.0,50000,2,Fraud
4,2,17200.0,50000,0,Clean
5,2,14713.91,50000,2,Fraud
1,1,5900.0,50000,0,Clean
5,4,45000.0,50000,2,Fraud
5,5,35500.0,50000,2,Fraud
3,1,6000.0,50000,0,Clean
3,2,12606.17,50000,2,Fraud
2,1,25402.35,50000,2,Fraud
1,1,5900.0,50000,0,Clean
4,3,20400.0,50000,2,Fraud
3,2,39501.92,50000,2,Fraud
5,3,44471.38,50000,2,Fraud
5,3,49500.0,50000,2,Fraud
4,4,19329.03,50000,2,Fraud
5,3,12924.32,50000,2,Fraud
4,2,15600.0,50000,0,Clean
2,1,1200.0,50000,0,Clean
4,1,19902.15,50000,2,Fraud
4,4,13076.68,50000,2,Fraud
5,1,11633.25,50000,2,Fraud
5,2,30312.5,50000,2,Fraud
5,1,29500.0,50000,0,Clean
5,1,39477.5,50000,2,Fraud
2,2,12074.13,50000,2,Fraud
4,3,34514.74,50000,2,Fraud
5,5,5705.06,50000,2,Fraud
1,1,800.0,50000,0,Clean
5,1,46828.7,50000,2,Fraud
2,1,33695.24,50000,2,Fraud
5,3,17000.0,50000,2,Fraud
2,2,49245.42,50000,2,Fraud
3,1,2700.0,50000,0,Clean
2,2,45247.45,50000,2,Fraud
4,3,38400.0,50000,2,Fraud
4,3,11387.89,50000,2,Fraud
2,1,28162.73,50000,2,Fraud
1,1,6100.0,50000,0,Clean
5,5,25130.19,50000,2,Fraud
4,4,8800.0,50000,2,Fraud
4,4,9445.12,50000,2,Fraud
3,2,15300.0,50000,0,Clean
4,2,12000.0,50000,0,Clean
4,1,32800.0,50000,0,Suspecious
5,2,44857.96,50000,2,Fraud
5,3,31000.0,50000,2,Fraud
3,2,17100.0,50000,0,Clean
1,1,32307.14,50000,2,Fraud
5,1,29500.0,50000,0,Clean
4,1,39257.99,50000,2,Fraud
3,1,26100.0,50000,0,Clean
4,4,368.6,50000,2,Fraud
4,3,35363.33,50000,2,Fraud
3,1,600.0,50000,0,Clean
5,5,21500.0,50000,2,Fraud
3,2,10500.0,50000,0,Clean
2,1,2000.0,50000,0,Clean
1,1,16090.97,50000,2,Fraud
2,1,26318.81,50000,2,Fraud
1,1,36426.66,50000,2,Fraud
4,3,22400.0,50000,2,Fraud
5,5,1500.0,50000,2,Fraud
3,1,18723.61,50000,2,Fraud
5,3,35000.0,50000,2,Fraud
3,2,30832.79,50000,2,Fraud
4,3,19293.03,50000,2,Fraud
1,1,8500.0,50000,0,Clean
2,1,15400.0,50000,0,Clean
3,1,3600.0,50000,0,Clean
3,1,16800.0,50000,0,Clean
3,3,10500.0,50000,2,Fraud
1,1,7300.0,50000,0,Clean
2,2,8600.0,50000,1,Clean
1,1,8600.0,50000,0,Clean
2,1,10000.0,50000,0,Clean
4,1,6000.0,50000,0,Clean
5,1,47044.93,50000,2,Fraud
3,2,27178.78,50000,2,Fraud
3,1,20700.0,50000,0,Clean
5,2,38853.96,50000,2,Fraud
1,1,200.0,50000,0,Clean
1,1,3623.63,50000,0,Clean
2,2,15600.0,50000,1,Clean
2,1,1938.53,50000,0,Clean
1,1,4700.0,50000,0,Clean
1,1,9000.0,50000,0,Clean
4,3,36400.0,50000,2,Fraud
4,3,16913.27,50000,2,Fraud
2,1,7200.0,50000,0,Clean
4,1,40000.0,50000,0,Suspecious
3,1,39520.55,50000,2,Fraud
4,3,28800.0,50000,2,Fraud
1,1,47818.71,50000,2,Fraud
3,1,44073.14,50000,2,Fraud
4,2,15971.03,50000,2,Fraud
4,1,25674.81,50000,2,Fraud
3,3,6333.54,50000,2,Fraud
4,4,6400.0,50000,2,Fraud
3,1,36103.08,50000,2,Fraud
3,1,6900.0,50000,0,Clean
2,1,5015.86,50000,0,Clean
1,1,4200.0,50000,0,Clean
5,1,43000.0,50000,0,Suspecious
2,2,4600.0,50000,1,Clean
3,2,27000.0,50000,0,Clean
5,2,9522.47,50000,0,Clean
4,3,31600.0,50000,2,Fraud
4,4,35462.11,50000,2,Fraud
4,3,12800.0,50000,2,Fraud
4,2,26482.62,50000,2,Fraud
2,2,7400.0,50000,1,Clean
1,1,7900.0,50000,0,Clean
5,1,13500.0,50000,0,Clean
5,5,22560.74,50000,2,Fraud
2,1,33323.74,50000,2,Fraud
3,1,27600.0,50000,0,Clean
2,1,16750.26,50000,2,Fraud
4,1,8310.35,50000,0,Clean
3,2,14100.0,50000,0,Clean
5,2,45500.0,50000,0,Clean
5,3,1206.51,50000,2,Fraud
5,5,36993.53,50000,2,Fraud
2,1,34012.51,50000,2,Fraud
5,5,25500.0,50000,2,Fraud
5,4,21500.0,50000,2,Fraud
1,1,3300.0,50000,0,Clean
5,1,16500.0,50000,0,Clean
3,2,4200.0,50000,0,Clean
4,1,33670.29,50000,2,Fraud
1,1,9200.0,50000,0,Clean
3,3,14400.0,50000,2,Fraud
4,3,4800.0,50000,2,Fraud
1,1,45723.95,50000,2,Fraud
5,2,16500.0,50000,0,Clean
2,2,32298.41,50000,2,Fraud
2,1,5523.16,50000,0,Clean
4,2,19893.61,50000,2,Fraud
2,1,18800.0,50000,0,Clean
1,1,6600.0,50000,0,Clean
5,4,30500.0,50000,2,Fraud
2,1,16320.13,50000,2,Fraud
3,1,12425.69,50000,2,Fraud
1,1,18477.5,50000,2,Fraud
2,2,39852.95,50000,2,Fraud
3,2,979.12,50000,0,Clean
5,2,16358.55,50000,2,Fraud
3,1,9292.16,50000,0,Clean
5,5,13755.46,50000,2,Fraud
3,2,21900.0,50000,0,Clean
4,3,13001.28,50000,2,Fraud
3,2,33812.57,50000,2,Fraud
3,3,25830.07,50000,2,Fraud
1,1,4821.73,50000,0,Clean
2,2,35817.71,50000,2,Fraud
4,2,496.19,50000,0,Clean
1,1,2702.17,50000,0,Clean
1,1,18257.4,50000,2,Fraud
5,5,2767.99,50000,2,Fraud
2,1,2000.0,50000,0,Clean
2,2,45571.54,50000,2,Fraud
1,1,6000.0,50000,0,Clean
1,1,400.0,50000,0,Clean
5,5,23985.85,50000,2,Fraud
4,1,6400.0,50000,0,Clean
2,2,400.0,50000,1,Clean
1,1,200.0,50000,0,Clean
2,2,13800.0,50000,1,Clean
3,3,13500.0,50000,2,Fraud
3,2,6413.69,50000,0,Clean
1,1,47285.58,50000,2,Fraud
5,4,37845.42,50000,2,Fraud
2,2,19000.0,50000,1,Clean
4,3,32800.0,50000,2,Fraud
5,4,15123.57,50000,2,Fraud
1,1,600.0,50000,0,Clean
5,1,34000.0,50000,0,Suspecious
5,3,33654.46,50000,2,Fraud
2,2,34865.04,50000,2,Fraud
1,1,1908.98,50000,0,Clean
3,2,9000.0,50000,0,Clean
4,1,4000.0,50000,0,Clean
1,1,5100.0,50000,0,Clean
5,2,119.46,50000,0,Clean
3,1,40231.41,50000,2,Fraud
4,4,14800.0,50000,2,Fraud
4,4,41288.48,50000,2,Fraud
5,4,6500.0,50000,2,Fraud
1,1,1000.0,50000,0,Clean
2,1,1000.0,50000,0,Clean
4,1,34000.0,50000,0,Suspecious
1,1,29984.63,50000,2,Fraud
4,1,30386.32,50000,2,Fraud
4,1,22839.98,50000,2,Fraud
1,1,1900.0,50000,0,Clean
5,5,30000.0,50000,2,Fraud
5,3,8073.2,50000,2,Fraud
1,1,5800.0,50000,0,Clean
2,1,11600.0,50000,0,Clean
3,3,30000.0,50000,2,Fraud
3,3,15771.98,50000,2,Fraud
1,1,35614.92,50000,2,Fraud
2,2,8299.24,50000,1,Clean
5,1,36500.0,50000,0,Suspecious
1,1,5400.0,50000,0,Clean
5,2,34699.32,50000,2,Fraud
1,1,2500.0,50000,0,Clean
1,1,30418.71,50000,2,Fraud
4,3,26265.82,50000,2,Fraud
2,2,10978.57,50000,2,Fraud
4,3,40479.42,50000,2,Fraud
2,2,13556.78,50000,2,Fraud
4,1,1600.0,50000,0,Clean
5,4,3000.0,50000,2,Fraud
4,2,14400.0,50000,0,Clean
3,2,44676.38,50000,2,Fraud
1,1,3300.0,50000,0,Clean
4,2,20663.09,50000,2,Fraud
4,2,3200.0,50000,0,Clean
2,2,30050.17,50000,2,Fraud
1,1,5200.0,50000,0,Clean
4,4,8989.01,50000,2,Fraud
2,1,13400.0,50000,0,Clean
4,1,39633.98,50000,2,Fraud
5,3,43500.0,50000,2,Fraud
4,3,32000.0,50000,2,Fraud
5,5,7500.0,50000,2,Fraud
5,4,10500.0,50000,2,Fraud
4,3,14529.04,50000,2,Fraud
3,2,25932.64,50000,2,Fraud
3,2,8400.0,50000,0,Clean
1,1,3783.76,50000,0,Clean
3,3,10500.0,50000,2,Fraud
4,2,3600.0,50000,0,Clean
5,4,13319.32,50000,2,Fraud
2,2,10000.0,50000,1,Clean
1,1,8000.0,50000,0,Clean
3,2,40201.94,50000,2,Fraud
2,1,1400.0,50000,0,Clean
4,1,32253.69,50000,2,Fraud
2,2,2200.0,50000,1,Clean
1,1,46276.75,50000,2,Fraud
4,3,1101.63,50000,2,Fraud
1,1,5400.0,50000,0,Clean
4,2,13600.0,50000,0,Clean
2,2,35243.32,50000,2,Fraud
3,2,22418.33,50000,2,Fraud
2,2,18200.0,50000,1,Clean
5,1,31308.67,50000,2,Fraud
1,1,28171.05,50000,2,Fraud
2,1,13697.42,50000,2,Fraud
2,2,3738.41,50000,1,Clean
1,1,1800.0,50000,0,Clean
4,1,32000.0,50000,0,Suspecious
4,1,42816.0,50000,0,Suspecious
4,2,17600.0,50000,0,Clean
3,2,4200.0,50000,0,Clean
4,4,1546.72,50000,2,Fraud
2,2,800.0,50000,1,Clean
4,4,6000.0,50000,2,Fraud
4,4,46145.79,50000,2,Fraud
2,1,15200.0,50000,0,Clean
1,1,37404.13,50000,2,Fraud
5,3,39500.0,50000,2,Fraud
2,1,8600.0,50000,0,Clean
1,1,7600.0,50000,0,Clean
2,1,20522.07,50000,2,Fraud
5,3,10000.0,50000,2,Fraud
5,1,8500.0,50000,0,Clean
4,2,22000.0,50000,0,Clean
4,1,3762.51,50000,0,Clean
1,1,6100.0,50000,0,Clean
4,3,40149.19,50000,2,Fraud
3,2,4200.0,50000,0,Clean
2,1,5200.0,50000,0,Clean
5,4,42000.0,50000,2,Fraud
5,5,14000.0,50000,2,Fraud
3,3,9405.43,50000,2,Fraud
4,2,26311.61,50000,2,Fraud
3,1,45913.97,50000,2,Fraud
5,4,30000.0,50000,2,Fraud
5,5,13198.61,50000,2,Fraud
5,4,39000.0,50000,2,Fraud
2,1,33330.46,50000,2,Fraud
2,2,44209.24,50000,2,Fraud
2,2,1000.0,50000,1,Clean
2,1,4000.0,50000,0,Clean
3,3,4126.46,50000,2,Fraud
1,1,3800.0,50000,0,Clean
4,2,25694.32,50000,2,Fraud
4,4,6000.0,50000,2,Fraud
1,1,17196.14,50000,2,Fraud
2,2,14850.76,50000,2,Fraud
5,1,45000.0,50000,0,Suspecious
3,2,14904.6,50000,2,Fraud
1,1,8600.0,50000,0,Clean
2,2,7956.18,50000,1,Clean
3,3,6300.0,50000,2,Fraud
3,3,4109.28,50000,2,Fraud
4,2,34000.0,50000,0,Clean
2,1,21085.75,50000,2,Fraud
5,1,1000.0,50000,0,Clean
3,3,23400.0,50000,2,Fraud
5,4,15000.0,50000,2,Fraud
3,2,919.7,50000,0,Clean
2,1,26401.56,50000,2,Fraud
2,2,13200.0,50000,1,Clean
2,2,3800.0,50000,1,Clean
1,1,32924.15,50000,2,Fraud
1,1,8000.0,50000,0,Clean
3,1,15600.0,50000,0,Clean
1,1,896.0,50000,0,Clean
5,5,33997.65,50000,2,Fraud
5,4,22000.0,50000,2,Fraud
4,3,27630.39,50000,2,Fraud
2,1,11699.3,50000,2,Fraud
5,1,13921.03,50000,2,Fraud
3,2,16050.49,50000,2,Fraud
5,1,38429.89,50000,2,Fraud
5,2,9690.79,50000,0,Clean
2,2,49641.0,50000,2,Fraud
2,2,16000.0,50000,1,Clean
2,1,9600.0,50000,0,Clean
4,2,7600.0,50000,0,Clean
5,1,22500.0,50000,0,Clean
5,1,35804.75,50000,2,Fraud
3,3,3818.15,50000,2,Fraud
3,1,8700.0,50000,0,Clean
1,1,16959.96,50000,2,Fraud
1,1,5800.0,50000,0,Clean
4,4,6132.33,50000,2,Fraud
3,1,9300.0,50000,0,Clean
3,1,41788.83,50000,2,Fraud
3,3,28500.0,50000,2,Fraud
2,2,48302.91,50000,2,Fraud
2,1,9800.0,50000,0,Clean
5,3,13000.0,50000,2,Fraud
2,2,23720.02,50000,2,Fraud
5,3,31625.78,50000,2,Fraud
3,3,38954.98,50000,2,Fraud
1,1,1300.0,50000,0,Clean
4,3,6819.14,50000,2,Fraud
3,3,12300.0,50000,2,Fraud
2,2,13734.92,50000,2,Fraud
3,3,41331.16,50000,2,Fraud
1,1,5800.0,50000,0,Clean
1,1,44949.66,50000,2,Fraud
4,1,34176.52,50000,2,Fraud
3,3,5681.19,50000,2,Fraud
3,3,18300.0,50000,2,Fraud
4,3,10000.0,50000,2,Fraud
3,3,49806.32,50000,2,Fraud
3,2,19800.0,50000,0,Clean
3,1,13092.7,50000,2,Fraud
2,1,43221.44,50000,2,Fraud
4,4,10460.4,50000,2,Fraud
5,4,44557.02,50000,2,Fraud
1,1,22733.66,50000,2,Fraud
5,4,49750.91,50000,2,Fraud
4,2,27600.0,50000,0,Clean
1,1,7700.0,50000,0,Clean
3,3,25545.05,50000,2,Fraud
2,2,2232.05,50000,1,Clean
5,2,22000.0,50000,0,Clean
2,1,13400.0,50000,0,Clean
4,1,38800.0,50000,0,Suspecious
1,1,2100.0,50000,0,Clean
4,1,31200.0,50000,0,Suspecious
5,5,18112.01,50000,2,Fraud
3,3,17400.0,50000,2,Fraud
5,1,33000.0,50000,0,Suspecious
2,2,14200.0,50000,1,Clean
2,1,2327.81,50000,0,Clean
2,1,11600.0,50000,0,Clean
2,1,43151.23,50000,2,Fraud
4,4,6800.0,50000,2,Fraud
1,1,7000.0,50000,0,Clean
2,1,13800.0,50000,0,Clean
1,1,21257.56,50000,2,Fraud
5,2,2584.03,50000,0,Clean
1,1,1300.0,50000,0,Clean
2,2,2400.0,50000,1,Clean
4,3,11048.77,50000,2,Fraud
1,1,25514.29,50000,2,Fraud
1,1,400.0,50000,0,Clean
1,1,6100.0,50000,0,Clean
4,1,16800.0,50000,0,Clean
3,2,9000.0,50000,0,Clean
3,3,20700.0,50000,2,Fraud
3,1,2700.0,50000,0,Clean
4,4,48837.55,50000,2,Fraud
5,2,42169.78,50000,2,Fraud
4,1,26800.0,50000,0,Clean
5,2,28712.81,50000,2,Fraud
5,3,9601.33,50000,2,Fraud
3,3,40708.53,50000,2,Fraud
1,1,24163.04,50000,2,Fraud
3,2,18000.0,50000,0,Clean
5,5,4827.73,50000,2,Fraud
1,1,13738.77,50000,2,Fraud
4,1,3234.64,50000,0,Clean
3,3,9114.63,50000,2,Fraud
1,1,40165.18,50000,2,Fraud
4,2,37984.27,50000,2,Fraud
4,1,3600.0,50000,0,Clean
2,2,14652.06,50000,2,Fraud
2,2,1709.69,50000,1,Clean
1,1,2500.0,50000,0,Clean
3,3,11700.0,50000,2,Fraud
3,3,19717.28,50000,2,Fraud
2,1,22462.11,50000,2,Fraud
1,1,7500.0,50000,0,Clean
1,1,7200.0,50000,0,Clean
2,2,13321.14,50000,2,Fraud
2,2,4200.0,50000,1,Clean
4,3,1600.0,50000,2,Fraud
4,2,30711.74,50000,2,Fraud
4,3,12800.0,50000,2,Fraud
5,5,43886.21,50000,2,Fraud
5,1,18000.0,50000,0,Clean
1,1,5300.0,50000,0,Clean
1,1,6253.18,50000,0,Clean
2,1,16400.0,50000,0,Clean
5,1,32000.0,50000,0,Suspecious
5,5,42000.0,50000,2,Fraud
4,2,4672.6,50000,0,Clean
1,1,6200.0,50000,0,Clean
1,1,37231.03,50000,2,Fraud
2,1,9800.0,50000,0,Clean
2,1,22006.78,50000,2,Fraud
2,2,18000.0,50000,1,Clean
2,1,47176.65,50000,2,Fraud
4,4,7200.0,50000,2,Fraud
1,1,46737.41,50000,2,Fraud
2,2,800.0,50000,1,Clean
2,2,15400.0,50000,1,Clean
3,2,15055.72,50000,2,Fraud
1,1,35632.55,50000,2,Fraud
4,1,27600.0,50000,0,Clean
1,1,1900.0,50000,0,Clean
1,1,6200.0,50000,0,Clean
2,2,17800.0,50000,1,Clean
2,2,28955.3,50000,2,Fraud
3,1,48907.79,50000,2,Fraud
4,1,34800.0,50000,0,Suspecious
2,1,36324.81,50000,2,Fraud
5,3,8371.98,50000,2,Fraud
2,2,26742.14,50000,2,Fraud
1,1,18749.13,50000,2,Fraud
1,1,400.0,50000,0,Clean
3,2,9942.38,50000,0,Clean
3,2,8832.97,50000,0,Clean
1,1,41030.72,50000,2,Fraud
3,2,12000.0,50000,0,Clean
5,2,18000.0,50000,0,Clean
3,2,2565.76,50000,0,Clean
1,1,45074.01,50000,2,Fraud
3,3,1800.0,50000,2,Fraud
1,1,4600.0,50000,0,Clean
2,2,20996.51,50000,2,Fraud
3,2,18631.7,50000,2,Fraud
1,1,49300.97,50000,2,Fraud
1,1,25441.99,50000,2,Fraud
4,1,1541.36,50000,0,Clean
5,3,46181.26,50000,2,Fraud
2,2,9743.17,50000,1,Clean
5,1,18500.0,50000,0,Clean
3,3,31621.79,50000,2,Fraud
3,1,35783.64,50000,2,Fraud
3,3,4909.57,50000,2,Fraud
5,5,15000.0,50000,2,Fraud
4,1,7200.0,50000,0,Clean
3,2,39976.21,50000,2,Fraud
4,4,6497.08,50000,2,Fraud
4,1,12400.0,50000,0,Clean
4,3,17600.0,50000,2,Fraud
4,2,31200.0,50000,0,Clean
1,1,2100.0,50000,0,Clean
4,4,35903.48,50000,2,Fraud
4,3,14000.0,50000,2,Fraud
1,1,6900.0,50000,0,Clean
4,4,8400.0,50000,2,Fraud
2,1,19200.0,50000,0,Clean
3,2,41141.77,50000,2,Fraud
2,2,44615.96,50000,2,Fraud
2,1,5600.0,50000,0,Clean
5,4,39540.75,50000,2,Fraud
2,2,2602.51,50000,1,Clean
1,1,800.0,50000,0,Clean
5,5,14000.0,50000,2,Fraud
2,1,9000.0,50000,0,Clean
2,2,14600.0,50000,1,Clean
1,1,500.0,50000,0,Clean
1,1,7700.0,50000,0,Clean
3,1,15751.75,50000,2,Fraud
3,3,3300.0,50000,2,Fraud
4,4,28400.0,50000,2,Fraud
4,4,21493.57,50000,2,Fraud
1,1,11791.64,50000,2,Fraud
3,2,600.0,50000,0,Clean
1,1,8900.0,50000,0,Clean
2,2,16400.0,50000,1,Clean
1,1,33818.74,50000,2,Fraud
3,3,17400.0,50000,2,Fraud
2,2,43080.62,50000,2,Fraud
1,1,10000.0,50000,0,Clean
3,1,6900.0,50000,0,Clean
5,1,46205.29,50000,2,Fraud
4,1,36400.0,50000,0,Suspecious
1,1,7200.0,50000,0,Clean
2,1,3200.0,50000,0,Clean
3,2,6900.0,50000,0,Clean
1,1,7500.0,50000,0,Clean
4,1,25200.0,50000,0,Clean
3,2,27581.55,50000,2,Fraud
5,4,47476.34,50000,2,Fraud
4,1,13200.0,50000,0,Clean
4,2,10282.05,50000,2,Fraud
2,2,10800.0,50000,1,Clean
4,1,6800.0,50000,0,Clean
2,1,14000.0,50000,0,Clean
4,3,23930.1,50000,2,Fraud
3,1,12000.0,50000,0,Clean
4,1,11600.0,50000,0,Clean
4,3,24800.0,50000,2,Fraud
5,2,6948.55,50000,0,Clean
3,3,15300.0,50000,2,Fraud
1,1,7500.0,50000,0,Clean
5,2,8132.65,50000,0,Clean
1,1,9600.0,50000,0,Clean
5,3,43345.2,50000,2,Fraud
5,1,44953.97,50000,2,Fraud
4,2,19600.0,50000,0,Clean
3,3,21514.15,50000,2,Fraud
4,3,49059.17,50000,2,Fraud
3,2,2100.0,50000,0,Clean
2,1,18400.0,50000,0,Clean
2,2,33493.95,50000,2,Fraud
2,2,1400.0,50000,1,Clean
1,1,7800.0,50000,0,Clean
2,1,2200.0,50000,0,Clean
1,1,2100.0,50000,0,Clean
5,4,42444.91,50000,2,Fraud
3,1,42414.44,50000,2,Fraud
1,1,40637.44,50000,2,Fraud
3,2,6000.0,50000,0,Clean
4,4,6190.06,50000,2,Fraud
3,1,29089.35,50000,2,Fraud
4,2,14000.0,50000,0,Clean
3,2,6814.4,50000,0,Clean
2,2,5200.0,50000,1,Clean
5,5,44000.0,50000,2,Fraud
4,1,28400.0,50000,0,Clean
3,3,33145.92,50000,2,Fraud
2,1,25928.9,50000,2,Fraud
5,3,9365.19,50000,2,Fraud
4,2,32000.0,50000,0,Clean
5,3,17000.0,50000,2,Fraud
3,3,21000.0,50000,2,Fraud
4,1,6400.0,50000,0,Clean
2,1,6000.0,50000,0,Clean
1,1,6100.0,50000,0,Clean
4,2,10080.66,50000,2,Fraud
1,1,4200.0,50000,0,Clean
5,1,48746.52,50000,2,Fraud
5,5,39000.0,50000,2,Fraud
4,2,25200.0,50000,0,Clean
2,2,10800.0,50000,1,Clean
4,1,28674.72,50000,2,Fraud
4,1,31200.0,50000,0,Suspecious
4,4,2201.59,50000,2,Fraud
5,1,36000.37,50000,2,Fraud
3,3,12300.0,50000,2,Fraud
3,1,22500.0,50000,0,Clean
5,2,47569.62,50000,2,Fraud
4,1,22211.58,50000,2,Fraud
2,2,8600.0,50000,1,Clean
3,1,42518.37,50000,2,Fraud
3,3,33807.77,50000,2,Fraud
1,1,7400.0,50000,0,Clean
2,1,43353.53,50000,2,Fraud
5,1,34511.98,50000,2,Fraud
4,1,37200.0,50000,0,Suspecious
4,4,38400.0,50000,2,Fraud
3,1,3900.0,50000,0,Clean
3,3,15563.17,50000,2,Fraud
5,3,8015.96,50000,2,Fraud
1,1,25624.41,50000,2,Fraud
4,4,45794.19,50000,2,Fraud
1,1,41757.02,50000,2,Fraud
5,1,49803.63,50000,2,Fraud
2,1,22487.3,50000,2,Fraud
5,5,17500.0,50000,2,Fraud
5,1,34496.62,50000,2,Fraud
4,2,624.67,50000,0,Clean
3,1,33722.65,50000,2,Fraud
1,1,18409.11,50000,2,Fraud
3,2,36843.04,50000,2,Fraud
3,1,45578.59,50000,2,Fraud
4,4,38000.0,50000,2,Fraud
3,1,8141.73,50000,0,Clean
1,1,8000.0,50000,0,Clean
4,3,39957.14,50000,2,Fraud
4,2,2854.17,50000,0,Clean
4,3,39200.0,50000,2,Fraud
4,4,18047.99,50000,2,Fraud
5,3,22546.67,50000,2,Fraud
3,1,40106.06,50000,2,Fraud
4,4,30786.04,50000,2,Fraud
3,3,35888.9,50000,2,Fraud
5,2,48500.0,50000,0,Clean
1,1,8300.0,50000,0,Clean
3,2,13200.0,50000,0,Clean
3,1,18747.19,50000,2,Fraud
3,3,1023.02,50000,2,Fraud
4,3,4800.0,50000,2,Fraud
2,2,47482.16,50000,2,Fraud
3,3,22800.0,50000,2,Fraud
4,4,19600.0,50000,2,Fraud
4,4,36711.61,50000,2,Fraud
4,1,17200.0,50000,0,Clean
5,3,13578.83,50000,2,Fraud
5,4,2000.0,50000,2,Fraud
5,3,32000.0,50000,2,Fraud
2,1,34896.77,50000,2,Fraud
4,3,45512.18,50000,2,Fraud
1,1,1200.0,50000,0,Clean
3,3,6000.0,50000,2,Fraud
1,1,4200.0,50000,0,Clean
5,1,36372.42,50000,2,Fraud
3,1,3299.15,50000,0,Clean
5,5,20860.56,50000,2,Fraud
2,1,8600.0,50000,0,Clean
3,3,2363.93,50000,2,Fraud
3,2,35963.66,50000,2,Fraud
4,1,10000.0,50000,0,Clean
1,1,9000.0,50000,0,Clean
1,1,1600.0,50000,0,Clean
3,1,32489.85,50000,2,Fraud
1,1,5800.0,50000,0,Clean
1,1,3900.0,50000,0,Clean
5,3,16821.69,50000,2,Fraud
1,1,48615.57,50000,2,Fraud
4,4,1130.79,50000,2,Fraud
1,1,9100.0,50000,0,Clean
3,3,15000.0,50000,2,Fraud
1,1,19184.76,50000,2,Fraud
3,2,900.0,50000,0,Clean
4,3,28622.4,50000,2,Fraud
2,1,33003.87,50000,2,Fraud
2,2,14800.0,50000,1,Clean
3,1,8017.54,50000,0,Clean
2,2,15638.98,50000,2,Fraud
1,1,7035.01,50000,0,Clean
1,1,48649.22,50000,2,Fraud
4,2,19200.0,50000,0,Clean
1,1,3700.0,50000,0,Clean
4,3,36800.0,50000,2,Fraud
4,2,5200.0,50000,0,Clean
1,1,49820.8,50000,2,Fraud
5,1,17000.0,50000,0,Clean
3,3,20022.34,50000,2,Fraud
3,2,28874.01,50000,2,Fraud
5,2,9500.0,50000,0,Clean
4,3,10775.25,50000,2,Fraud
5,5,36561.69,50000,2,Fraud
3,1,49706.73,50000,2,Fraud
3,2,16195.96,50000,2,Fraud
5,1,41500.0,50000,0,Suspecious
4,4,17200.0,50000,2,Fraud
1,1,35448.93,50000,2,Fraud
1,1,6000.0,50000,0,Clean
3,3,16200.0,50000,2,Fraud
3,1,33421.09,50000,2,Fraud
1,1,19362.99,50000,2,Fraud
3,1,17975.37,50000,2,Fraud
1,1,33566.84,50000,2,Fraud
1,1,7900.0,50000,0,Clean
1,1,39426.09,50000,2,Fraud
2,1,8600.0,50000,0,Clean
1,1,8400.0,50000,0,Clean
3,1,5919.39,50000,0,Clean
3,2,24900.0,50000,0,Clean
1,1,8100.0,50000,0,Clean
1,1,4600.0,50000,0,Clean
2,2,34484.59,50000,2,Fraud
3,1,24600.0,50000,0,Clean
2,1,14600.0,50000,0,Clean
1,1,25118.47,50000,2,Fraud
1,1,25971.55,50000,2,Fraud
5,3,47500.0,50000,2,Fraud
4,4,3144.66,50000,2,Fraud
3,2,8400.0,50000,0,Clean
1,1,9875.87,50000,0,Clean
5,3,28000.0,50000,2,Fraud
2,1,2600.0,50000,0,Clean
5,2,18910.87,50000,2,Fraud
1,1,6600.0,50000,0,Clean
2,2,30237.37,50000,2,Fraud
4,2,33836.46,50000,2,Fraud
3,2,12831.35,50000,2,Fraud
2,2,21189.74,50000,2,Fraud
3,1,32247.52,50000,2,Fraud
3,1,23100.0,50000,0,Clean
1,1,44701.89,50000,2,Fraud
3,3,21300.0,50000,2,Fraud
5,5,37314.71,50000,2,Fraud
1,1,5502.55,50000,0,Clean
5,2,20000.0,50000,0,Clean
3,2,18600.0,50000,0,Clean
1,1,6900.0,50000,0,Clean
4,4,38800.0,50000,2,Fraud
1,1,5700.0,50000,0,Clean
3,1,28500.0,50000,0,Clean
3,1,1500.0,50000,0,Clean
2,1,2669.78,50000,0,Clean
4,2,234.77,50000,0,Clean
3,1,4200.0,50000,0,Clean
4,2,34800.0,50000,0,Clean
3,2,27300.0,50000,0,Clean
3,2,12300.0,50000,0,Clean
3,3,12000.0,50000,2,Fraud
2,2,8200.0,50000,1,Clean
2,1,47084.02,50000,2,Fraud
3,1,42865.77,50000,2,Fraud
2,1,1547.34,50000,0,Clean
4,2,24120.21,50000,2,Fraud
3,1,13092.08,50000,2,Fraud
4,3,28012.18,50000,2,Fraud
4,3,6800.0,50000,2,Fraud
1,1,524.14,50000,0,Clean
1,1,5700.0,50000,0,Clean
5,2,48500.0,50000,0,Clean
2,2,32829.26,50000,2,Fraud
4,1,2167.11,50000,0,Clean
1,1,1400.0,50000,0,Clean
3,2,24900.0,50000,0,Clean
5,5,5000.0,50000,2,Fraud
5,3,49447.18,50000,2,Fraud
4,2,2800.0,50000,0,Clean
4,1,28779.73,50000,2,Fraud
3,1,46965.59,50000,2,Fraud
5,5,27500.0,50000,2,Fraud
1,1,29661.54,50000,2,Fraud
5,5,26500.0,50000,2,Fraud
3,2,7800.0,50000,0,Clean
5,4,2500.0,50000,2,Fraud
1,1,9100.0,50000,0,Clean
2,2,43263.74,50000,2,Fraud
4,3,5600.0,50000,2,Fraud
3,3,4200.0,50000,2,Fraud
4,3,5600.0,50000,2,Fraud
2,2,37596.89,50000,2,Fraud
5,4,22116.94,50000,2,Fraud
2,2,17541.62,50000,2,Fraud
1,1,45562.07,50000,2,Fraud
5,2,27000.0,50000,0,Clean
1,1,33566.52,50000,2,Fraud
3,2,25904.61,50000,2,Fraud
5,5,7749.28,50000,2,Fraud
5,4,38000.0,50000,2,Fraud
5,4,10467.9,50000,2,Fraud
5,3,9500.0,50000,2,Fraud
3,2,28200.0,50000,0,Clean
5,4,12875.13,50000,2,Fraud
5,2,18509.12,50000,2,Fraud
2,2,10600.0,50000,1,Clean
5,4,22000.0,50000,2,Fraud
4,4,2386.69,50000,2,Fraud
5,1,39000.0,50000,0,Suspecious
5,5,42000.0,50000,2,Fraud
3,3,17400.0,50000,2,Fraud
3,1,13500.0,50000,0,Clean
3,2,31474.07,50000,2,Fraud
1,1,6700.0,50000,0,Clean
2,1,24650.7,50000,2,Fraud
4,1,17600.0,50000,0,Clean
4,2,800.0,50000,0,Clean
3,3,49940.9,50000,2,Fraud
2,2,9400.0,50000,1,Clean
3,3,6494.51,50000,2,Fraud
1,1,2400.0,50000,0,Clean
3,2,42781.84,50000,2,Fraud
2,1,26940.85,50000,2,Fraud
2,2,28694.0,50000,1,Clean
3,2,23100.0,50000,0,Clean
4,2,35446.99,50000,2,Fraud
4,3,35331.89,50000,2,Fraud
4,1,8800.0,50000,0,Clean
1,1,22871.12,50000,2,Fraud
5,3,6000.0,50000,2,Fraud
5,3,48000.0,50000,2,Fraud
5,1,34500.0,50000,0,Suspecious
5,5,43000.0,50000,2,Fraud
3,2,11903.66,50000,2,Fraud
1,1,7600.0,50000,0,Clean
5,1,1000.0,50000,0,Clean
5,2,32844.63,50000,2,Fraud
4,3,35833.92,50000,2,Fraud
4,2,27600.0,50000,0,Clean
4,2,33200.0,50000,0,Clean
3,1,18252.26,50000,2,Fraud
4,4,24000.0,50000,2,Fraud
1,1,38532.2,50000,2,Fraud
4,4,40000.0,50000,2,Fraud
1,1,9600.0,50000,0,Clean
4,2,12898.8,50000,2,Fraud
3,3,19200.0,50000,2,Fraud
2,1,13400.0,50000,0,Clean
3,3,21600.0,50000,2,Fraud
4,1,18000.0,50000,0,Clean
4,2,13600.0,50000,0,Clean
5,3,12664.23,50000,2,Fraud
4,1,41041.94,50000,2,Fraud
2,1,10600.0,50000,0,Clean
3,3,11806.53,50000,2,Fraud
4,3,26000.0,50000,2,Fraud
5,1,8500.0,50000,0,Clean
2,2,17000.0,50000,1,Clean
3,1,13200.0,50000,0,Clean
1,1,1775.29,50000,0,Clean
1,1,46606.75,50000,2,Fraud
3,3,13352.82,50000,2,Fraud
5,2,29000.0,50000,0,Clean
1,1,4900.0,50000,0,Clean
4,4,15507.03,50000,2,Fraud
4,2,22619.7,50000,2,Fraud
4,1,29600.0,50000,0,Clean
2,1,800.0,50000,0,Clean
1,1,6500.0,50000,0,Clean
2,1,12179.37,50000,2,Fraud
1,1,23837.66,50000,2,Fraud
3,1,24734.8,50000,2,Fraud
5,5,17985.65,50000,2,Fraud
4,4,9677.74,50000,2,Fraud
3,1,24374.39,50000,2,Fraud
4,4,9200.0,50000,2,Fraud
1,1,3600.0,50000,0,Clean
1,1,17517.57,50000,2,Fraud
3,3,15188.56,50000,2,Fraud
2,2,9600.0,50000,1,Clean
2,2,2400.0,50000,1,Clean
4,1,22800.0,50000,0,Clean
1,1,3900.0,50000,0,Clean
2,1,5224.15,50000,0,Clean
3,2,18600.0,50000,0,Clean
5,2,27179.71,50000,2,Fraud
3,3,6300.0,50000,2,Fraud
2,1,39169.6,50000,2,Fraud
3,1,44799.72,50000,2,Fraud
5,5,45309.09,50000,2,Fraud
1,1,20292.43,50000,2,Fraud
1,1,8200.0,50000,0,Clean
1,1,30559.68,50000,2,Fraud
3,2,46788.92,50000,2,Fraud
2,1,35550.4,50000,2,Fraud
4,4,39837.74,50000,2,Fraud
4,2,11600.0,50000,0,Clean
2,1,19200.0,50000,0,Clean
5,5,30727.75,50000,2,Fraud
5,5,220.36,50000,2,Fraud
2,1,19400.0,50000,0,Clean
1,1,5400.0,50000,0,Clean
3,1,25200.0,50000,0,Clean
1,1,9600.0,50000,0,Clean
1,1,8600.0,50000,0,Clean
5,4,11500.0,50000,2,Fraud
1,1,4000.0,50000,0,Clean
1,1,43179.7,50000,2,Fraud
2,2,11200.0,50000,1,Clean
4,1,40000.0,50000,0,Suspecious
5,2,41000.0,50000,0,Clean
2,1,12800.0,50000,0,Clean
5,1,33500.0,50000,0,Suspecious
4,4,10000.0,50000,2,Fraud
4,4,12793.48,50000,2,Fraud
2,2,24066.45,50000,2,Fraud
5,1,29000.0,50000,0,Clean
5,3,11454.91,50000,2,Fraud
4,3,308.07,50000,2,Fraud
5,3,49002.79,50000,2,Fraud
3,2,12600.0,50000,0,Clean
3,3,25200.0,50000,2,Fraud
4,1,11200.0,50000,0,Clean
1,1,4200.0,50000,0,Clean
5,5,37345.34,50000,2,Fraud
3,1,14070.96,50000,2,Fraud
2,2,48645.92,50000,2,Fraud
5,2,2892.14,50000,0,Clean
4,2,16844.75,50000,2,Fraud
1,1,5200.0,50000,0,Clean
5,2,22000.0,50000,0,Clean
2,1,46029.81,50000,2,Fraud
2,1,10400.0,50000,0,Clean
4,2,18000.0,50000,0,Clean
5,1,38000.0,50000,0,Suspecious
1,1,6500.0,50000,0,Clean
5,2,49500.0,50000,0,Clean
2,1,17200.0,50000,0,Clean
1,1,18385.29,50000,2,Fraud
2,2,14084.59,50000,2,Fraud
4,4,30076.05,50000,2,Fraud
5,5,8489.0,50000,2,Fraud
1,1,4400.0,50000,0,Clean
1,1,26380.94,50000,2,Fraud
4,1,8970.07,50000,0,Clean
2,1,16800.0,50000,0,Clean
2,2,19916.94,50000,2,Fraud
2,1,12894.04,50000,2,Fraud
3,2,28326.96,50000,2,Fraud
5,5,13027.79,50000,2,Fraud
3,2,46052.4,50000,2,Fraud
2,1,19507.38,50000,2,Fraud
1,1,4800.0,50000,0,Clean
5,4,357.89,50000,2,Fraud
1,1,3100.0,50000,0,Clean
3,3,35053.9,50000,2,Fraud
1,1,6100.0,50000,0,Clean
4,4,12400.0,50000,2,Fraud
5,3,34516.46,50000,2,Fraud
4,4,38400.0,50000,2,Fraud
2,1,2600.0,50000,0,Clean
5,3,10000.0,50000,2,Fraud
3,3,22853.97,50000,2,Fraud
1,1,17807.21,50000,2,Fraud
3,2,33246.25,50000,2,Fraud
4,3,34000.0,50000,2,Fraud
1,1,12495.36,50000,2,Fraud
4,4,28527.0,50000,2,Fraud
2,2,35159.55,50000,2,Fraud
1,1,27553.83,50000,2,Fraud
2,2,10800.0,50000,1,Clean
2,1,25770.72,50000,2,Fraud
3,3,28098.72,50000,2,Fraud
4,2,40133.78,50000,2,Fraud
5,3,29012.27,50000,2,Fraud
5,4,23535.17,50000,2,Fraud
1,1,2100.0,50000,0,Clean
5,3,20993.61,50000,2,Fraud
2,2,9800.0,50000,1,Clean
2,2,13800.0,50000,1,Clean
4,2,35200.0,50000,0,Clean
4,2,5634.2,50000,0,Clean
3,3,46205.43,50000,2,Fraud
5,4,40500.0,50000,2,Fraud
5,5,9000.0,50000,2,Fraud
3,1,4800.0,50000,0,Clean
1,1,1600.0,50000,0,Clean
4,1,30000.0,50000,0,Clean
4,4,44225.43,50000,2,Fraud
3,3,34984.28,50000,2,Fraud
3,3,44283.55,50000,2,Fraud
1,1,8200.0,50000,0,Clean
1,1,9400.0,50000,0,Clean
4,3,9728.63,50000,2,Fraud
3,2,17570.22,50000,2,Fraud
2,2,38842.59,50000,2,Fraud
2,1,40468.62,50000,2,Fraud
5,5,29000.0,50000,2,Fraud
5,4,34000.0,50000,2,Fraud
4,3,43406.62,50000,2,Fraud
4,3,2000.0,50000,2,Fraud
5,1,5500.0,50000,0,Clean
5,2,48476.05,50000,2,Fraud
3,1,5100.0,50000,0,Clean
2,2,37058.04,50000,2,Fraud
4,2,41671.92,50000,2,Fraud
3,1,37635.26,50000,2,Fraud
4,2,30000.0,50000,0,Clean
2,2,16400.0,50000,1,Clean
5,1,41115.76,50000,2,Fraud
1,1,2100.0,50000,0,Clean
4,2,13200.0,50000,0,Clean
2,1,36947.38,50000,2,Fraud
5,2,26725.87,50000,2,Fraud
2,1,22712.82,50000,2,Fraud
2,2,3800.0,50000,1,Clean
3,3,5400.0,50000,2,Fraud
2,2,3712.91,50000,1,Clean
5,2,644.67,50000,0,Clean
4,2,1200.0,50000,0,Clean
5,4,46500.0,50000,2,Fraud
3,2,36982.05,50000,2,Fraud
3,3,21968.23,50000,2,Fraud
1,1,4100.0,50000,0,Clean
4,4,36653.29,50000,2,Fraud
1,1,8600.0,50000,0,Clean
3,3,1869.52,50000,2,Fraud
2,2,16600.0,50000,1,Clean
2,1,15000.0,50000,0,Clean
5,3,47534.58,50000,2,Fraud
5,5,36385.29,50000,2,Fraud
2,2,5482.01,50000,1,Clean
1,1,5200.0,50000,0,Clean
1,1,2800.0,50000,0,Clean
1,1,17268.85,50000,2,Fraud
1,1,5600.0,50000,0,Clean
5,3,34306.88,50000,2,Fraud
4,3,15951.65,50000,2,Fraud
3,1,9900.0,50000,0,Clean
5,1,37162.27,50000,2,Fraud
1,1,500.0,50000,0,Clean
3,1,2700.0,50000,0,Clean
2,1,13151.43,50000,2,Fraud
3,1,30000.0,50000,0,Clean
3,2,31918.79,50000,2,Fraud
2,1,9800.0,50000,0,Clean
2,1,7600.0,50000,0,Clean
3,2,5100.0,50000,0,Clean
2,2,43293.8,50000,2,Fraud
3,1,9300.0,50000,0,Clean
3,3,2100.0,50000,2,Fraud
1,1,9300.0,50000,0,Clean
3,3,8100.0,50000,2,Fraud
3,3,25200.0,50000,2,Fraud
3,3,4200.0,50000,2,Fraud
5,4,15500.0,50000,2,Fraud
1,1,2432.66,50000,0,Clean
4,2,32883.24,50000,2,Fraud
1,1,37805.44,50000,2,Fraud
5,1,42240.9,50000,2,Fraud
5,2,47445.24,50000,2,Fraud
5,1,24500.0,50000,0,Clean
1,1,14616.74,50000,2,Fraud
3,3,900.0,50000,2,Fraud
4,3,16800.0,50000,2,Fraud
5,5,47000.0,50000,2,Fraud
4,4,32400.0,50000,2,Fraud
2,2,33504.9,50000,2,Fraud
2,2,8627.17,50000,1,Clean
2,2,14102.65,50000,2,Fraud
2,2,44381.2,50000,2,Fraud
1,1,14389.11,50000,2,Fraud
1,1,2300.0,50000,0,Clean
4,4,6000.0,50000,2,Fraud
2,1,21355.15,50000,2,Fraud
4,1,41859.67,50000,2,Fraud
2,2,400.0,50000,1,Clean
1,1,1600.0,50000,0,Clean
3,1,2561.18,50000,0,Clean
4,3,27600.0,50000,2,Fraud
5,1,36000.0,50000,0,Suspecious
4,2,939.59,50000,0,Clean
1,1,9000.0,50000,0,Clean
4,3,37834.66,50000,2,Fraud
2,2,1800.0,50000,1,Clean
4,1,4400.0,50000,0,Clean
1,1,6700.0,50000,0,Clean
1,1,18894.18,50000,2,Fraud
5,3,32487.78,50000,2,Fraud
3,2,37386.78,50000,2,Fraud
5,4,13000.0,50000,2,Fraud
3,1,45560.19,50000,2,Fraud
4,3,3667.74,50000,2,Fraud
2,1,21267.35,50000,2,Fraud
4,2,14528.15,50000,2,Fraud
3,1,8700.0,50000,0,Clean
2,1,9952.77,50000,0,Clean
4,4,38800.0,50000,2,Fraud
1,1,1200.0,50000,0,Clean
2,2,7832.41,50000,1,Clean
2,1,16000.0,50000,0,Clean
2,2,5600.0,50000,1,Clean
3,1,37207.72,50000,2,Fraud
1,1,1000.0,50000,0,Clean
4,3,35240.38,50000,2,Fraud
4,3,43551.81,50000,2,Fraud
3,3,5400.0,50000,2,Fraud
4,4,18800.0,50000,2,Fraud
4,3,16265.93,50000,2,Fraud
5,3,10427.6,50000,2,Fraud
1,1,43172.5,50000,2,Fraud
2,1,1200.0,50000,0,Clean
4,4,24198.34,50000,2,Fraud
4,2,26800.0,50000,0,Clean
4,4,35842.62,50000,2,Fraud
3,2,24390.83,50000,2,Fraud
2,2,4200.0,50000,1,Clean
4,1,3200.0,50000,0,Clean
3,3,6900.0,50000,2,Fraud
2,2,19905.35,50000,2,Fraud
1,1,800.0,50000,0,Clean
2,2,22963.35,50000,2,Fraud
5,5,20000.0,50000,2,Fraud
4,2,36336.97,50000,2,Fraud
1,1,20600.66,50000,2,Fraud
4,2,28000.0,50000,0,Clean
5,1,34000.0,50000,0,Suspecious
1,1,49592.98,50000,2,Fraud
4,1,23896.81,50000,2,Fraud
5,1,48500.0,50000,0,Suspecious
4,4,11200.0,50000,2,Fraud
2,1,10800.0,50000,0,Clean
1,1,44483.75,50000,2,Fraud
1,1,43937.97,50000,2,Fraud
4,1,35200.0,50000,0,Suspecious
1,1,49669.73,50000,2,Fraud
3,2,15900.0,50000,0,Clean
3,3,25457.96,50000,2,Fraud
3,1,30409.84,50000,2,Fraud
5,2,17904.02,50000,2,Fraud
5,3,37917.29,50000,2,Fraud
2,2,11479.98,50000,2,Fraud
4,4,23200.0,50000,2,Fraud
3,3,1074.67,50000,2,Fraud
2,1,4281.41,50000,0,Clean
1,1,4000.0,50000,0,Clean
1,1,40301.78,50000,2,Fraud
1,1,4300.0,50000,0,Clean
1,1,1151.98,50000,0,Clean
2,2,10400.0,50000,1,Clean
1,1,31188.4,50000,2,Fraud
5,1,26500.0,50000,0,Clean
2,1,21630.56,50000,2,Fraud
3,2,29400.0,50000,0,Clean
5,3,5000.0,50000,2,Fraud
2,1,1121.24,50000,0,Clean
4,4,30267.8,50000,2,Fraud
5,3,48000.0,50000,2,Fraud
2,2,17600.0,50000,1,Clean
5,4,18500.0,50000,2,Fraud
2,1,15000.0,50000,0,Clean
5,4,12717.92,50000,2,Fraud
2,1,11800.0,50000,0,Clean
4,2,34117.0,50000,2,Fraud
4,3,37073.46,50000,2,Fraud
5,1,8086.37,50000,0,Clean
3,1,11700.0,50000,0,Clean
5,5,18986.45,50000,2,Fraud
5,5,14000.0,50000,2,Fraud
2,2,13800.0,50000,1,Clean
4,2,2800.0,50000,0,Clean
1,1,8700.0,50000,0,Clean
4,3,12800.0,50000,2,Fraud
2,1,39763.89,50000,2,Fraud
1,1,1900.0,50000,0,Clean
4,2,7995.0,50000,0,Clean
2,2,10200.0,50000,1,Clean
3,2,41225.83,50000,2,Fraud
1,1,20287.6,50000,2,Fraud
2,1,36183.86,50000,2,Fraud
1,1,2141.05,50000,0,Clean
3,1,16100.87,50000,2,Fraud
2,1,7000.0,50000,0,Clean
5,2,28186.6,50000,2,Fraud
2,2,32947.44,50000,2,Fraud
4,4,12000.0,50000,2,Fraud
2,1,10600.0,50000,0,Clean
1,1,2600.0,50000,0,Clean
2,1,15200.0,50000,0,Clean
1,1,6000.0,50000,0,Clean
3,2,12300.0,50000,0,Clean
3,1,29680.62,50000,2,Fraud
4,1,43030.57,50000,2,Fraud
5,1,24321.78,50000,2,Fraud
4,4,1600.0,50000,2,Fraud
4,4,18529.72,50000,2,Fraud
2,1,6029.55,50000,0,Clean
2,2,46227.54,50000,2,Fraud
3,1,49914.7,50000,2,Fraud
1,1,907.29,50000,0,Clean
4,1,48643.99,50000,2,Fraud
5,4,7839.11,50000,2,Fraud
4,2,4000.0,50000,0,Clean
4,4,28400.0,50000,2,Fraud
4,1,10800.0,50000,0,Clean
2,1,9471.57,50000,0,Clean
2,1,3000.0,50000,0,Clean
2,2,13461.67,50000,2,Fraud
1,1,7400.0,50000,0,Clean
4,2,32000.0,50000,0,Clean
3,1,21300.0,50000,0,Clean
2,1,5600.0,50000,0,Clean
2,1,14600.0,50000,0,Clean
4,2,22053.88,50000,2,Fraud
4,1,2000.0,50000,0,Clean
1,1,44806.33,50000,2,Fraud
1,1,5100.0,50000,0,Clean
1,1,6050.57,50000,0,Clean
4,1,7600.0,50000,0,Clean
4,3,13600.0,50000,2,Fraud
2,1,11200.0,50000,0,Clean
2,2,26704.2,50000,2,Fraud
4,4,12800.0,50000,2,Fraud
5,2,5534.27,50000,0,Clean
5,5,18124.9,50000,2,Fraud
3,2,15000.0,50000,0,Clean
2,1,7758.47,50000,0,Clean
5,5,17000.0,50000,2,Fraud
2,1,2200.0,50000,0,Clean
2,1,14278.02,50000,2,Fraud
2,2,18152.49,50000,2,Fraud
5,3,39000.0,50000,2,Fraud
3,3,12900.0,50000,2,Fraud
4,3,10000.0,50000,2,Fraud
3,1,4297.71,50000,0,Clean
3,3,6900.0,50000,2,Fraud
2,2,11800.0,50000,1,Clean
5,1,36215.89,50000,2,Fraud
4,3,35355.47,50000,2,Fraud
3,2,9248.84,50000,0,Clean
3,3,31533.11,50000,2,Fraud
1,1,2600.0,50000,0,Clean
5,3,43000.0,50000,2,Fraud
1,1,25438.17,50000,2,Fraud
1,1,8700.0,50000,0,Clean
3,1,14400.0,50000,0,Clean
5,5,26500.0,50000,2,Fraud
5,5,626.76,50000,2,Fraud
1,1,24661.52,50000,2,Fraud
1,1,3500.0,50000,0,Clean
4,2,39200.0,50000,0,Clean
1,1,8800.0,50000,0,Clean
4,4,39672.28,50000,2,Fraud
3,3,4156.71,50000,2,Fraud
4,1,24842.01,50000,2,Fraud
5,4,43020.22,50000,2,Fraud
1,1,13729.52,50000,2,Fraud
3,2,1472.71,50000,0,Clean
1,1,34126.43,50000,2,Fraud
5,5,12998.09,50000,2,Fraud
4,3,12000.0,50000,2,Fraud
3,2,3145.4,50000,0,Clean
3,3,16500.0,50000,2,Fraud
2,1,24066.95,50000,2,Fraud
3,2,11100.0,50000,0,Clean
3,2,17990.16,50000,2,Fraud
2,1,778.95,50000,0,Clean
2,1,32902.7,50000,2,Fraud
1,1,8000.0,50000,0,Clean
3,1,28500.0,50000,0,Clean
5,1,37500.0,50000,0,Suspecious
2,1,37423.0,50000,2,Fraud
4,2,49006.79,50000,2,Fraud
3,3,21198.8,50000,2,Fraud
4,3,22800.0,50000,2,Fraud
3,3,23700.0,50000,2,Fraud
2,1,6400.0,50000,0,Clean
3,2,4800.0,50000,0,Clean
2,2,15000.0,50000,1,Clean
4,2,27404.17,50000,2,Fraud
2,2,47693.6,50000,2,Fraud
3,2,33244.83,50000,2,Fraud
4,1,38465.38,50000,2,Fraud
3,2,6466.78,50000,0,Clean
4,2,33200.0,50000,0,Clean
4,4,35533.98,50000,2,Fraud
1,1,34965.48,50000,2,Fraud
4,1,1200.0,50000,0,Clean
1,1,25493.88,50000,2,Fraud
3,1,16200.0,50000,0,Clean
4,3,16000.0,50000,2,Fraud
5,1,20000.0,50000,0,Clean
5,2,29500.0,50000,0,Clean
3,2,9300.0,50000,0,Clean
3,1,49308.94,50000,2,Fraud
5,1,45500.0,50000,0,Suspecious
2,2,27708.09,50000,2,Fraud
4,2,13600.0,50000,0,Clean
3,3,43939.48,50000,2,Fraud
4,2,40617.37,50000,2,Fraud
2,2,8800.0,50000,1,Clean
1,1,17509.95,50000,2,Fraud
3,1,11700.0,50000,0,Clean
4,1,22800.0,50000,0,Clean
1,1,29147.21,50000,2,Fraud
2,1,45231.78,50000,2,Fraud
1,1,41736.7,50000,2,Fraud
2,2,18600.0,50000,1,Clean
4,4,29320.41,50000,2,Fraud
2,2,13000.0,50000,1,Clean
1,1,3000.0,50000,0,Clean
1,1,9200.0,50000,0,Clean
3,1,23100.0,50000,0,Clean
4,1,25531.72,50000,2,Fraud
4,4,482.56,50000,2,Fraud
1,1,38629.36,50000,2,Fraud
2,1,39075.37,50000,2,Fraud
2,1,32322.01,50000,2,Fraud
4,2,37946.44,50000,2,Fraud
5,4,23500.0,50000,2,Fraud
1,1,4700.0,50000,0,Clean
1,1,28382.3,50000,2,Fraud
5,1,23500.0,50000,0,Clean
4,1,18400.0,50000,0,Clean
5,2,42500.0,50000,0,Clean
3,2,20700.0,50000,0,Clean
3,3,22284.65,50000,2,Fraud
2,2,10209.46,50000,2,Fraud
3,1,39477.85,50000,2,Fraud
2,2,49883.2,50000,2,Fraud
2,2,40733.86,50000,2,Fraud
5,4,23154.51,50000,2,Fraud
1,1,5900.0,50000,0,Clean
3,1,29700.0,50000,0,Clean
4,4,506.43,50000,2,Fraud
5,3,3318.03,50000,2,Fraud
1,1,40175.49,50000,2,Fraud
4,3,38947.33,50000,2,Fraud
3,2,605.22,50000,0,Clean
2,2,8068.71,50000,1,Clean
2,2,16596.25,50000,2,Fraud
3,2,29302.87,50000,2,Fraud
1,1,654.53,50000,0,Clean
1,1,40700.13,50000,2,Fraud
4,1,26000.0,50000,0,Clean
3,3,18000.0,50000,2,Fraud
2,1,2000.0,50000,0,Clean
2,2,3000.0,50000,1,Clean
2,1,10400.0,50000,0,Clean
2,2,12000.0,50000,1,Clean
3,3,35313.44,50000,2,Fraud
3,2,16610.95,50000,2,Fraud
3,1,22234.23,50000,2,Fraud
4,4,40351.33,50000,2,Fraud
4,1,46402.76,50000,2,Fraud
2,2,23394.31,50000,2,Fraud
4,2,40172.84,50000,2,Fraud
1,1,2600.0,50000,0,Clean
2,2,28199.23,50000,2,Fraud
5,4,394.09,50000,2,Fraud
5,3,21256.13,50000,2,Fraud
4,2,26268.32,50000,2,Fraud
4,2,10800.0,50000,0,Clean
3,1,26100.0,50000,0,Clean
4,1,46642.62,50000,2,Fraud
4,2,14800.0,50000,0,Clean
4,2,36400.0,50000,0,Clean
1,1,9700.0,50000,0,Clean
1,1,7300.0,50000,0,Clean
1,1,31353.84,50000,2,Fraud
3,2,44643.99,50000,2,Fraud
3,3,8141.45,50000,2,Fraud
1,1,2566.1,50000,0,Clean
5,3,34934.51,50000,2,Fraud
5,3,19949.6,50000,2,Fraud
2,2,39262.74,50000,2,Fraud
1,1,19844.72,50000,2,Fraud
3,3,20772.65,50000,2,Fraud
5,5,44026.58,50000,2,Fraud
2,1,14200.0,50000,0,Clean
2,2,15400.0,50000,1,Clean
2,1,16267.75,50000,2,Fraud
4,4,19600.0,50000,2,Fraud
5,3,5024.79,50000,2,Fraud
1,1,29475.46,50000,2,Fraud
5,2,24000.0,50000,0,Clean
3,1,6600.0,50000,0,Clean
2,2,3400.0,50000,1,Clean
5,2,29470.26,50000,2,Fraud
2,2,14800.0,50000,1,Clean
5,2,2160.24,50000,0,Clean
3,2,10521.13,50000,2,Fraud
5,3,24030.46,50000,2,Fraud
3,3,40696.2,50000,2,Fraud
4,4,4133.39,50000,2,Fraud
3,2,22500.0,50000,0,Clean
4,4,1045.37,50000,2,Fraud
3,2,3300.0,50000,0,Clean
3,2,28957.16,50000,2,Fraud
2,1,15200.0,50000,0,Clean
1,1,16214.97,50000,2,Fraud
3,3,28500.0,50000,2,Fraud
2,1,2451.68,50000,0,Clean
1,1,49519.57,50000,2,Fraud
1,1,43905.99,50000,2,Fraud
5,3,48820.36,50000,2,Fraud
3,1,5100.0,50000,0,Clean
4,3,15456.27,50000,2,Fraud
5,4,36000.0,50000,2,Fraud
2,2,45435.32,50000,2,Fraud
2,2,45490.21,50000,2,Fraud
5,4,624.81,50000,2,Fraud
3,3,8700.0,50000,2,Fraud
5,1,32722.09,50000,2,Fraud
3,3,9000.0,50000,2,Fraud
3,2,13200.0,50000,0,Clean
1,1,45272.2,50000,2,Fraud
5,2,2500.0,50000,0,Clean
5,5,38500.0,50000,2,Fraud
4,3,40000.0,50000,2,Fraud
3,2,31473.22,50000,2,Fraud
2,1,13600.0,50000,0,Clean
3,2,7200.0,50000,0,Clean
5,5,18000.0,50000,2,Fraud
5,5,15016.48,50000,2,Fraud
3,2,30445.09,50000,2,Fraud
4,2,7908.74,50000,0,Clean
2,1,19200.0,50000,0,Clean
5,1,19021.58,50000,2,Fraud
5,4,46984.26,50000,2,Fraud
3,3,5100.0,50000,2,Fraud
3,3,44963.21,50000,2,Fraud
1,1,2777.49,50000,0,Clean
1,1,20512.06,50000,2,Fraud
1,1,22903.7,50000,2,Fraud
1,1,16124.37,50000,2,Fraud
4,1,21867.51,50000,2,Fraud
2,2,13576.48,50000,2,Fraud
2,1,11800.0,50000,0,Clean
3,3,14100.0,50000,2,Fraud
1,1,8800.0,50000,0,Clean
5,3,26135.45,50000,2,Fraud
5,3,8847.08,50000,2,Fraud
3,2,10128.75,50000,2,Fraud
1,1,42807.9,50000,2,Fraud
4,2,6800.0,50000,0,Clean
3,3,25173.6,50000,2,Fraud
1,1,29424.99,50000,2,Fraud
3,3,8700.0,50000,2,Fraud
3,2,49633.75,50000,2,Fraud
1,1,500.0,50000,0,Clean
3,2,11954.52,50000,2,Fraud
2,2,22689.79,50000,2,Fraud
5,5,39739.76,50000,2,Fraud
2,1,15400.0,50000,0,Clean
3,3,44838.08,50000,2,Fraud
2,2,46563.5,50000,2,Fraud
3,2,23100.0,50000,0,Clean
1,1,29355.17,50000,2,Fraud
4,3,18000.0,50000,2,Fraud
5,3,16000.0,50000,2,Fraud
2,1,800.0,50000,0,Clean
5,3,1000.0,50000,2,Fraud
3,3,17100.0,50000,2,Fraud
4,1,26400.0,50000,0,Clean
4,4,42846.09,50000,2,Fraud
5,5,30974.79,50000,2,Fraud
2,2,21419.05,50000,2,Fraud
5,2,38491.37,50000,2,Fraud
3,3,14700.0,50000,2,Fraud
5,4,15049.1,50000,2,Fraud
4,2,10400.0,50000,0,Clean
1,1,4200.0,50000,0,Clean
2,2,5504.19,50000,1,Clean
5,5,22420.7,50000,2,Fraud
1,1,19465.89,50000,2,Fraud
2,2,12200.0,50000,1,Clean
1,1,38236.71,50000,2,Fraud
2,1,5048.53,50000,0,Clean
3,3,20968.08,50000,2,Fraud
3,2,12900.0,50000,0,Clean
1,1,44625.66,50000,2,Fraud
4,3,14800.0,50000,2,Fraud
5,2,20000.0,50000,0,Clean
3,3,25800.0,50000,2,Fraud
1,1,4100.0,50000,0,Clean
2,2,16281.97,50000,2,Fraud
5,1,18500.0,50000,0,Clean
2,2,26443.94,50000,2,Fraud
2,1,22818.75,50000,2,Fraud
2,1,1515.5,50000,0,Clean
2,1,9200.0,50000,0,Clean
3,2,30000.0,50000,0,Clean
4,1,3600.0,50000,0,Clean
4,2,35081.36,50000,2,Fraud
2,1,2400.0,50000,0,Clean
5,2,24156.87,50000,2,Fraud
3,1,13200.0,50000,0,Clean
1,1,13650.87,50000,2,Fraud
3,2,31339.93,50000,2,Fraud
5,2,25500.0,50000,0,Clean
4,4,41170.92,50000,2,Fraud
4,3,38143.69,50000,2,Fraud
5,3,45500.0,50000,2,Fraud
1,1,5698.97,50000,0,Clean
2,2,34993.38,50000,2,Fraud
4,2,34594.12,50000,2,Fraud
4,4,2000.0,50000,2,Fraud
5,3,26841.26,50000,2,Fraud
1,1,2400.0,50000,0,Clean
3,1,29100.0,50000,0,Clean
1,1,23431.92,50000,2,Fraud
2,1,39517.09,50000,2,Fraud
5,2,30950.48,50000,2,Fraud
4,3,13808.42,50000,2,Fraud
1,1,9500.0,50000,0,Clean
2,2,400.0,50000,1,Clean
4,3,18565.41,50000,2,Fraud
5,3,29000.0,50000,2,Fraud
3,3,21900.0,50000,2,Fraud
1,1,6515.57,50000,0,Clean
4,3,3588.25,50000,2,Fraud
5,4,3185.51,50000,2,Fraud
3,3,31253.92,50000,2,Fraud
1,1,6700.0,50000,0,Clean
5,1,36341.11,50000,2,Fraud
5,2,31500.0,50000,0,Clean
5,4,9001.64,50000,2,Fraud
1,1,15859.13,50000,2,Fraud
3,2,1500.0,50000,0,Clean
4,3,25200.0,50000,2,Fraud
2,2,9800.0,50000,1,Clean
1,1,400.0,50000,0,Clean
3,1,13704.79,50000,2,Fraud
2,1,16000.0,50000,0,Clean
4,4,2800.0,50000,2,Fraud
2,1,9400.0,50000,0,Clean
1,1,29483.89,50000,2,Fraud
5,5,22500.0,50000,2,Fraud
3,1,43826.41,50000,2,Fraud
4,2,7275.61,50000,0,Clean
2,2,6600.0,50000,1,Clean
4,1,36000.0,50000,0,Suspecious
1,1,6600.0,50000,0,Clean
3,3,7120.62,50000,2,Fraud
1,1,22795.53,50000,2,Fraud
5,3,35227.92,50000,2,Fraud
2,2,2578.27,50000,1,Clean
5,4,23500.0,50000,2,Fraud
4,2,11600.0,50000,0,Clean
4,2,11953.36,50000,2,Fraud
4,3,1200.0,50000,2,Fraud
5,1,10040.06,50000,2,Fraud
3,1,24300.0,50000,0,Clean
4,2,16370.48,50000,2,Fraud
1,1,29472.62,50000,2,Fraud
1,1,40112.57,50000,2,Fraud
3,2,18300.0,50000,0,Clean
4,2,32112.29,50000,2,Fraud
5,2,9372.71,50000,0,Clean
3,3,32408.52,50000,2,Fraud
2,1,24288.02,50000,2,Fraud
4,4,18051.87,50000,2,Fraud
2,2,46099.62,50000,2,Fraud
2,1,7842.6,50000,0,Clean
5,5,43248.79,50000,2,Fraud
2,2,17800.0,50000,1,Clean
3,3,27357.84,50000,2,Fraud
5,4,20025.48,50000,2,Fraud
4,1,3573.68,50000,0,Clean
2,2,5357.69,50000,1,Clean
2,2,13000.0,50000,1,Clean
2,1,17873.91,50000,2,Fraud
2,2,19000.0,50000,1,Clean
3,1,26700.0,50000,0,Clean
3,1,17831.59,50000,2,Fraud
2,2,48501.47,50000,2,Fraud
3,2,4980.82,50000,0,Clean
3,2,13500.0,50000,0,Clean
3,1,27300.0,50000,0,Clean
4,1,41732.11,50000,2,Fraud
1,1,2577.18,50000,0,Clean
2,1,25320.8,50000,2,Fraud
4,1,9285.72,50000,0,Clean
4,3,37704.78,50000,2,Fraud
4,3,32800.0,50000,2,Fraud
2,2,8000.0,50000,1,Clean
3,1,14100.0,50000,0,Clean
3,1,40962.28,50000,2,Fraud
1,1,1100.0,50000,0,Clean
4,2,35600.0,50000,0,Clean
3,3,39275.43,50000,2,Fraud
3,2,28200.0,50000,0,Clean
2,2,5200.0,50000,1,Clean
1,1,4900.0,50000,0,Clean
4,3,46784.33,50000,2,Fraud
2,2,48736.21,50000,2,Fraud
2,2,5000.0,50000,1,Clean
2,2,15200.0,50000,1,Clean
4,3,30400.0,50000,2,Fraud
4,1,26896.9,50000,2,Fraud
1,1,5900.0,50000,0,Clean
3,1,28500.0,50000,0,Clean
1,1,18004.94,50000,2,Fraud
3,3,17484.39,50000,2,Fraud
4,1,4000.0,50000,0,Clean
5,1,38500.0,50000,0,Suspecious
4,2,30000.0,50000,0,Clean
2,2,17800.0,50000,1,Clean
4,3,46276.75,50000,2,Fraud
4,4,36400.0,50000,2,Fraud
2,1,7200.0,50000,0,Clean
4,3,17664.68,50000,2,Fraud
3,1,21912.11,50000,2,Fraud
2,2,15243.79,50000,2,Fraud
1,1,22966.14,50000,2,Fraud
3,3,830.28,50000,2,Fraud
2,2,8600.0,50000,1,Clean
1,1,5700.0,50000,0,Clean
5,3,20500.0,50000,2,Fraud
2,1,43879.35,50000,2,Fraud
4,2,16549.97,50000,2,Fraud
4,4,32400.0,50000,2,Fraud
5,1,6500.0,50000,0,Clean
1,1,5800.0,50000,0,Clean
2,2,9802.1,50000,1,Clean
2,2,3824.82,50000,1,Clean
3,1,46307.19,50000,2,Fraud
2,1,20000.0,50000,0,Clean
4,1,24502.43,50000,2,Fraud
2,1,1527.26,50000,0,Clean
4,2,8800.0,50000,0,Clean
4,2,32000.0,50000,0,Clean
1,1,40866.02,50000,2,Fraud
2,1,1600.0,50000,0,Clean
2,1,15200.0,50000,0,Clean
2,1,44017.95,50000,2,Fraud
1,1,31016.85,50000,2,Fraud
2,2,25260.73,50000,2,Fraud
3,3,15600.0,50000,2,Fraud
5,2,31000.0,50000,0,Clean
1,1,35659.69,50000,2,Fraud
2,2,3208.53,50000,1,Clean
3,3,26700.0,50000,2,Fraud
3,1,600.0,50000,0,Clean
2,1,16080.03,50000,2,Fraud
5,3,29500.0,50000,2,Fraud
1,1,47040.86,50000,2,Fraud
5,4,30500.0,50000,2,Fraud
3,2,29400.0,50000,0,Clean
2,1,39690.58,50000,2,Fraud
2,2,400.0,50000,1,Clean
3,2,39720.73,50000,2,Fraud
2,1,32121.68,50000,2,Fraud
4,3,46778.9,50000,2,Fraud
5,1,36292.92,50000,2,Fraud
4,2,41757.08,50000,2,Fraud
3,3,30185.02,50000,2,Fraud
1,1,1700.0,50000,0,Clean
5,1,34058.12,50000,2,Fraud
4,3,24282.86,50000,2,Fraud
3,2,23084.36,50000,2,Fraud
4,4,4978.7,50000,2,Fraud
1,1,21860.15,50000,2,Fraud
4,4,32400.0,50000,2,Fraud
5,2,6219.17,50000,0,Clean
5,5,5197.66,50000,2,Fraud
4,3,39254.13,50000,2,Fraud
5,2,5960.51,50000,0,Clean
5,3,30500.0,50000,2,Fraud
2,1,43779.75,50000,2,Fraud
1,1,6792.05,50000,0,Clean
5,2,28500.0,50000,0,Clean
2,2,800.0,50000,1,Clean
3,3,17400.0,50000,2,Fraud
1,1,42372.18,50000,2,Fraud
2,2,5800.0,50000,1,Clean
2,2,7000.0,50000,1,Clean
3,1,1800.0,50000,0,Clean
4,1,41113.3,50000,2,Fraud
5,1,39000.0,50000,0,Suspecious
4,1,36800.0,50000,0,Suspecious
1,1,1119.92,50000,0,Clean
2,1,2007.61,50000,0,Clean
3,3,32792.7,50000,2,Fraud
5,3,27530.62,50000,2,Fraud
5,5,42415.6,50000,2,Fraud
5,1,21000.0,50000,0,Clean
4,1,18093.63,50000,2,Fraud
3,2,31311.97,50000,2,Fraud
4,4,26023.67,50000,2,Fraud
1,1,4173.7,50000,0,Clean
4,1,48329.49,50000,2,Fraud
2,1,14000.0,50000,0,Clean
3,1,35212.54,50000,2,Fraud
1,1,47951.19,50000,2,Fraud
5,5,44856.18,50000,2,Fraud
3,2,21828.18,50000,2,Fraud
5,5,48763.5,50000,2,Fraud
5,5,3451.27,50000,2,Fraud
1,1,4000.0,50000,0,Clean
3,1,19800.0,50000,0,Clean
3,1,47706.45,50000,2,Fraud
5,1,11000.0,50000,0,Clean
3,3,14400.0,50000,2,Fraud
5,4,30000.0,50000,2,Fraud
1,1,6400.0,50000,0,Clean
3,2,15900.0,50000,0,Clean
3,2,17436.87,50000,2,Fraud
1,1,35617.19,50000,2,Fraud
3,3,7961.67,50000,2,Fraud
3,3,7800.0,50000,2,Fraud
1,1,3500.0,50000,0,Clean
5,2,6000.0,50000,0,Clean
5,1,46500.0,50000,0,Suspecious
1,1,11437.4,50000,2,Fraud
1,1,9200.0,50000,0,Clean
5,4,48761.67,50000,2,Fraud
4,4,26939.52,50000,2,Fraud
5,1,5000.0,50000,0,Clean
3,3,18797.26,50000,2,Fraud
1,1,2000.0,50000,0,Clean
3,3,6413.86,50000,2,Fraud
1,1,700.0,50000,0,Clean
5,4,22000.0,50000,2,Fraud
2,1,23838.13,50000,2,Fraud
3,1,5700.0,50000,0,Clean
3,1,8700.0,50000,0,Clean
1,1,43260.13,50000,2,Fraud
3,1,20700.0,50000,0,Clean
1,1,48361.14,50000,2,Fraud
3,3,29700.0,50000,2,Fraud
2,1,14400.0,50000,0,Clean
2,2,48297.54,50000,2,Fraud
2,1,1600.0,50000,0,Clean
5,3,45500.0,50000,2,Fraud
3,2,28200.0,50000,0,Clean
1,1,28293.32,50000,2,Fraud
1,1,17203.13,50000,2,Fraud
1,1,1600.0,50000,0,Clean
3,3,5700.0,50000,2,Fraud
5,1,4877.75,50000,0,Clean
3,2,29100.0,50000,0,Clean
3,1,45212.23,50000,2,Fraud
1,1,3100.0,50000,0,Clean
5,2,3035.76,50000,0,Clean
4,4,6800.0,50000,2,Fraud
3,3,32959.29,50000,2,Fraud
1,1,8000.0,50000,0,Clean
3,3,30441.63,50000,2,Fraud
1,1,8300.0,50000,0,Clean
1,1,20967.99,50000,2,Fraud
4,1,29688.41,50000,2,Fraud
1,1,965.11,50000,0,Clean
3,3,2400.0,50000,2,Fraud
2,1,19800.0,50000,0,Clean
3,1,9900.0,50000,0,Clean
3,2,12524.62,50000,2,Fraud
4,2,24800.0,50000,0,Clean
1,1,9500.0,50000,0,Clean
2,2,6800.0,50000,1,Clean
2,2,5619.38,50000,1,Clean
4,4,22149.13,50000,2,Fraud
4,4,31200.0,50000,2,Fraud
4,3,18000.0,50000,2,Fraud
2,1,12000.0,50000,0,Clean
5,1,27500.0,50000,0,Clean
5,3,40000.0,50000,2,Fraud
4,2,35600.0,50000,0,Clean
4,2,241.27,50000,0,Clean
3,3,15535.71,50000,2,Fraud
2,2,45631.65,50000,2,Fraud
2,2,4541.9,50000,1,Clean
5,4,39815.76,50000,2,Fraud
2,1,30393.01,50000,2,Fraud
4,4,14664.5,50000,2,Fraud
1,1,6909.27,50000,0,Clean
5,5,36110.75,50000,2,Fraud
3,3,8677.17,50000,2,Fraud
3,3,9194.7,50000,2,Fraud
4,1,2800.0,50000,0,Clean
4,4,27200.0,50000,2,Fraud
2,1,21527.44,50000,2,Fraud
2,1,9000.0,50000,0,Clean
3,3,530.53,50000,2,Fraud
2,1,36265.47,50000,2,Fraud
4,1,9200.0,50000,0,Clean
4,1,17330.06,50000,2,Fraud
5,3,31120.41,50000,2,Fraud
5,3,32339.95,50000,2,Fraud
3,3,48874.06,50000,2,Fraud
4,2,28039.88,50000,2,Fraud
2,2,40848.02,50000,2,Fraud
1,1,29839.18,50000,2,Fraud
5,3,7500.0,50000,2,Fraud
1,1,4157.23,50000,0,Clean
2,2,41219.64,50000,2,Fraud
1,1,1200.0,50000,0,Clean
5,1,17000.0,50000,0,Clean
3,2,7200.0,50000,0,Clean
3,3,4500.0,50000,2,Fraud
1,1,8200.0,50000,0,Clean
1,1,27489.67,50000,2,Fraud
4,4,19728.27,50000,2,Fraud
4,3,29120.71,50000,2,Fraud
3,3,10298.7,50000,2,Fraud
3,3,21402.24,50000,2,Fraud
3,3,28800.0,50000,2,Fraud
5,4,33500.0,50000,2,Fraud
4,2,1753.75,50000,0,Clean
2,2,47395.07,50000,2,Fraud
4,2,25574.97,50000,2,Fraud
3,3,41665.59,50000,2,Fraud
2,2,5000.0,50000,1,Clean
5,5,16091.35,50000,2,Fraud
4,1,6400.0,50000,0,Clean
1,1,7600.0,50000,0,Clean
1,1,5200.0,50000,0,Clean
1,1,6600.0,50000,0,Clean
4,2,12400.0,50000,0,Clean
3,1,15600.0,50000,0,Clean
5,3,35615.14,50000,2,Fraud
3,1,9300.0,50000,0,Clean
3,2,7219.2,50000,0,Clean
2,1,45813.15,50000,2,Fraud
1,1,3100.0,50000,0,Clean
5,1,29000.0,50000,0,Clean
2,1,6600.0,50000,0,Clean
2,1,42303.03,50000,2,Fraud
1,1,900.0,50000,0,Clean
3,3,7200.0,50000,2,Fraud
2,1,10800.0,50000,0,Clean
3,3,9600.0,50000,2,Fraud
2,2,15000.0,50000,1,Clean
2,1,19400.0,50000,0,Clean
4,3,5454.13,50000,2,Fraud
5,2,37500.0,50000,0,Clean
5,5,23500.0,50000,2,Fraud
4,2,13401.49,50000,2,Fraud
3,3,2700.0,50000,2,Fraud
1,1,7467.02,50000,0,Clean
4,2,6800.0,50000,0,Clean
5,4,40475.46,50000,2,Fraud
3,2,29100.0,50000,0,Clean
1,1,30924.54,50000,2,Fraud
2,2,16200.0,50000,1,Clean
3,1,20823.47,50000,2,Fraud
4,4,13269.87,50000,2,Fraud
2,1,11800.0,50000,0,Clean
1,1,17100.59,50000,2,Fraud
1,1,15782.78,50000,2,Fraud
2,2,10600.0,50000,1,Clean
5,3,27000.0,50000,2,Fraud
5,1,28000.0,50000,0,Clean
1,1,500.0,50000,0,Clean
5,5,8629.14,50000,2,Fraud
5,2,35500.0,50000,0,Clean
5,2,31683.44,50000,2,Fraud
4,1,45597.52,50000,2,Fraud
2,1,27098.67,50000,2,Fraud
4,1,29600.0,50000,0,Clean
2,2,16400.0,50000,1,Clean
5,3,38115.3,50000,2,Fraud
1,1,6800.0,50000,0,Clean
4,2,35600.0,50000,0,Clean
2,1,10630.05,50000,2,Fraud
5,2,14000.0,50000,0,Clean
3,3,25800.0,50000,2,Fraud
2,2,36889.58,50000,2,Fraud
2,2,10800.0,50000,1,Clean
2,1,16800.0,50000,0,Clean
1,1,3800.0,50000,0,Clean
2,2,400.0,50000,1,Clean
4,2,34408.39,50000,2,Fraud
1,1,33336.69,50000,2,Fraud
2,1,16451.64,50000,2,Fraud
2,1,22390.64,50000,2,Fraud
4,1,41644.38,50000,2,Fraud
4,2,21200.0,50000,0,Clean
3,1,26400.0,50000,0,Clean
5,2,210.69,50000,0,Clean
4,4,40456.53,50000,2,Fraud
1,1,8800.0,50000,0,Clean
5,5,23150.72,50000,2,Fraud
4,1,9658.71,50000,0,Clean
1,1,19005.22,50000,2,Fraud
5,3,5500.0,50000,2,Fraud
5,4,3438.32,50000,2,Fraud
4,2,28800.0,50000,0,Clean
3,2,28560.34,50000,2,Fraud
1,1,41184.94,50000,2,Fraud
3,2,24600.0,50000,0,Clean
3,2,29420.6,50000,2,Fraud
1,1,42147.76,50000,2,Fraud
2,2,14944.68,50000,2,Fraud
3,2,4200.0,50000,0,Clean
5,5,47391.59,50000,2,Fraud
1,1,5500.0,50000,0,Clean
4,1,2400.0,50000,0,Clean
5,4,45500.0,50000,2,Fraud
2,2,16600.0,50000,1,Clean
5,2,44500.0,50000,0,Clean
2,2,19600.0,50000,1,Clean
5,2,21492.34,50000,2,Fraud
3,2,39049.07,50000,2,Fraud
5,5,24265.81,50000,2,Fraud
2,2,13200.0,50000,1,Clean
1,1,5739.06,50000,0,Clean
4,2,106.94,50000,0,Clean
4,2,270.31,50000,0,Clean
4,3,18790.64,50000,2,Fraud
3,1,10200.0,50000,0,Clean
3,3,1078.55,50000,2,Fraud
4,1,25752.41,50000,2,Fraud
5,1,42326.09,50000,2,Fraud
4,4,1600.0,50000,2,Fraud
4,1,22950.53,50000,2,Fraud
5,1,9500.0,50000,0,Clean
3,3,26100.0,50000,2,Fraud
1,1,2900.0,50000,0,Clean
2,2,3800.0,50000,1,Clean
1,1,35145.52,50000,2,Fraud
2,1,10000.0,50000,0,Clean
4,1,757.95,50000,0,Clean
4,3,39200.0,50000,2,Fraud
2,1,46126.96,50000,2,Fraud
5,4,45648.35,50000,2,Fraud
1,1,900.0,50000,0,Clean
1,1,4291.29,50000,0,Clean
1,1,17895.68,50000,2,Fraud
1,1,28689.67,50000,2,Fraud
2,1,16600.0,50000,0,Clean
5,4,38000.0,50000,2,Fraud
1,1,4400.0,50000,0,Clean
1,1,6900.0,50000,0,Clean
1,1,1800.0,50000,0,Clean
5,3,43547.29,50000,2,Fraud
2,2,400.0,50000,1,Clean
5,4,10475.83,50000,2,Fraud
3,3,14100.0,50000,2,Fraud
3,3,22156.33,50000,2,Fraud
3,1,20400.0,50000,0,Clean
3,2,23700.0,50000,0,Clean
5,1,5417.62,50000,0,Clean
1,1,6600.0,50000,0,Clean
3,3,38811.32,50000,2,Fraud
2,2,25586.89,50000,2,Fraud
1,1,900.0,50000,0,Clean
5,2,45416.89,50000,2,Fraud
1,1,6000.0,50000,0,Clean
2,2,17200.0,50000,1,Clean
2,1,12458.0,50000,0,Clean
1,1,43631.09,50000,2,Fraud
2,2,19800.0,50000,1,Clean
2,1,12600.0,50000,0,Clean
2,2,16200.0,50000,1,Clean
3,2,21300.0,50000,0,Clean
2,1,20014.15,50000,2,Fraud
2,1,28885.85,50000,2,Fraud
3,2,17757.93,50000,2,Fraud
5,1,10489.96,50000,2,Fraud
2,1,1600.0,50000,0,Clean
4,3,36800.0,50000,2,Fraud
2,1,9501.0,50000,0,Clean
1,1,36607.42,50000,2,Fraud
2,1,1000.0,50000,0,Clean
4,2,7643.75,50000,0,Clean
5,4,7500.0,50000,2,Fraud
3,2,22025.25,50000,2,Fraud
2,1,4400.0,50000,0,Clean
3,2,8400.0,50000,0,Clean
4,3,8400.0,50000,2,Fraud
2,1,27739.11,50000,2,Fraud
3,1,32443.05,50000,2,Fraud
1,1,9200.0,50000,0,Clean
5,3,21000.0,50000,2,Fraud
4,4,42219.23,50000,2,Fraud
3,1,7227.22,50000,0,Clean
2,1,11600.0,50000,0,Clean
3,3,39083.53,50000,2,Fraud
5,3,15394.38,50000,2,Fraud
1,1,20722.37,50000,2,Fraud
4,3,42454.91,50000,2,Fraud
1,1,31928.69,50000,2,Fraud
1,1,8000.0,50000,0,Clean
4,1,42021.36,50000,2,Fraud
2,2,5000.0,50000,1,Clean
2,2,9200.0,50000,1,Clean
5,1,11000.0,50000,0,Clean
2,1,600.0,50000,0,Clean
3,2,29457.37,50000,2,Fraud
2,1,32841.05,50000,2,Fraud
2,1,4755.95,50000,0,Clean
1,1,5500.0,50000,0,Clean
4,4,19200.0,50000,2,Fraud
1,1,7200.0,50000,0,Clean
5,2,46555.1,50000,2,Fraud
4,1,16915.64,50000,2,Fraud
2,2,30739.91,50000,2,Fraud
2,1,8200.0,50000,0,Clean
2,2,10000.0,50000,1,Clean
2,2,7800.0,50000,1,Clean
4,3,7382.07,50000,2,Fraud
5,1,2500.0,50000,0,Clean
5,5,16000.0,50000,2,Fraud
2,2,45232.98,50000,2,Fraud
5,4,30500.0,50000,2,Fraud
1,1,18421.46,50000,2,Fraud
1,1,28983.14,50000,2,Fraud
5,2,28000.0,50000,0,Clean
5,4,41500.0,50000,2,Fraud
4,2,4400.0,50000,0,Clean
2,2,4600.0,50000,1,Clean
5,2,22964.23,50000,2,Fraud
5,4,45343.85,50000,2,Fraud
5,5,1000.0,50000,2,Fraud
2,2,8400.0,50000,1,Clean
3,1,18238.04,50000,2,Fraud
2,1,4800.0,50000,0,Clean
5,5,39000.0,50000,2,Fraud
1,1,22830.5,50000,2,Fraud
3,1,17700.0,50000,0,Clean
5,1,44500.0,50000,0,Suspecious
3,2,14400.0,50000,0,Clean
5,5,20500.0,50000,2,Fraud
5,4,33793.62,50000,2,Fraud
5,1,3000.0,50000,0,Clean
2,1,40962.22,50000,2,Fraud
4,2,21238.41,50000,2,Fraud
2,2,6600.0,50000,1,Clean
2,2,9000.0,50000,1,Clean
1,1,34503.54,50000,2,Fraud
2,2,9800.0,50000,1,Clean
3,2,15783.41,50000,2,Fraud
1,1,8800.0,50000,0,Clean
2,1,19600.0,50000,0,Clean
5,1,15449.9,50000,2,Fraud
3,2,11617.74,50000,2,Fraud
4,3,22067.52,50000,2,Fraud
2,2,36525.0,50000,2,Fraud
3,1,6300.0,50000,0,Clean
1,1,11130.56,50000,2,Fraud
2,1,4923.86,50000,0,Clean
3,3,7200.0,50000,2,Fraud
2,2,30946.05,50000,2,Fraud
5,1,33670.61,50000,2,Fraud
2,2,28123.16,50000,2,Fraud
5,5,8500.0,50000,2,Fraud
2,2,3200.0,50000,1,Clean
2,2,16000.0,50000,1,Clean
1,1,27740.87,50000,2,Fraud
5,5,41000.0,50000,2,Fraud
2,1,20405.69,50000,2,Fraud
1,1,15194.9,50000,2,Fraud
4,2,21361.48,50000,2,Fraud
5,5,48000.0,50000,2,Fraud
3,3,4800.0,50000,2,Fraud
3,3,26100.0,50000,2,Fraud
5,2,30500.0,50000,0,Clean
4,4,16631.01,50000,2,Fraud
4,2,3200.0,50000,0,Clean
2,1,11788.76,50000,2,Fraud
5,3,10094.99,50000,2,Fraud
4,3,18800.0,50000,2,Fraud
4,3,3200.0,50000,2,Fraud
2,2,9073.54,50000,1,Clean
2,2,1200.0,50000,1,Clean
2,1,7600.0,50000,0,Clean
1,1,5686.15,50000,0,Clean
2,2,44360.53,50000,2,Fraud
4,3,20128.59,50000,2,Fraud
1,1,42393.93,50000,2,Fraud
2,1,5400.0,50000,0,Clean
3,2,47123.22,50000,2,Fraud
5,2,19601.44,50000,2,Fraud
2,2,12800.0,50000,1,Clean
4,2,18800.0,50000,0,Clean
5,1,32000.0,50000,0,Suspecious
5,2,11007.45,50000,2,Fraud
1,1,300.0,50000,0,Clean
3,2,11181.09,50000,2,Fraud
1,1,3600.0,50000,0,Clean
5,5,42600.98,50000,2,Fraud
1,1,5600.0,50000,0,Clean
3,1,28228.64,50000,2,Fraud
1,1,178.94,50000,0,Clean
3,3,26400.0,50000,2,Fraud
2,2,3800.0,50000,1,Clean
4,3,45560.88,50000,2,Fraud
1,1,5900.0,50000,0,Clean
4,1,49800.2,50000,2,Fraud
1,1,6100.0,50000,0,Clean
1,1,4700.0,50000,0,Clean
5,2,4000.0,50000,0,Clean
3,1,6000.0,50000,0,Clean
2,2,16639.55,50000,2,Fraud
5,3,17000.0,50000,2,Fraud
4,2,16490.13,50000,2,Fraud
5,1,7000.0,50000,0,Clean
4,4,40915.82,50000,2,Fraud
4,2,37425.31,50000,2,Fraud
4,1,23929.79,50000,2,Fraud
4,4,48681.86,50000,2,Fraud
5,3,32131.77,50000,2,Fraud
1,1,5800.0,50000,0,Clean
1,1,8600.0,50000,0,Clean
4,2,17286.71,50000,2,Fraud
3,1,22340.44,50000,2,Fraud
3,3,15335.4,50000,2,Fraud
2,1,24288.73,50000,2,Fraud
4,3,22620.15,50000,2,Fraud
5,3,2000.0,50000,2,Fraud
1,1,28081.76,50000,2,Fraud
4,2,14758.69,50000,2,Fraud
3,2,32506.14,50000,2,Fraud
1,1,7473.72,50000,0,Clean
4,1,43870.59,50000,2,Fraud
3,1,40479.37,50000,2,Fraud
1,1,34235.88,50000,2,Fraud
3,1,5170.85,50000,0,Clean
1,1,49420.4,50000,2,Fraud
1,1,9000.0,50000,0,Clean
3,2,24600.0,50000,0,Clean
4,2,40405.73,50000,2,Fraud
4,3,6800.0,50000,2,Fraud
5,2,39213.41,50000,2,Fraud
4,3,1231.32,50000,2,Fraud
1,1,12653.05,50000,2,Fraud
2,2,44267.66,50000,2,Fraud
4,1,10400.0,50000,0,Clean
3,3,10200.0,50000,2,Fraud
2,2,18200.0,50000,1,Clean
4,3,9600.0,50000,2,Fraud
1,1,13266.33,50000,2,Fraud
2,2,41679.2,50000,2,Fraud
3,2,38254.53,50000,2,Fraud
4,3,13928.55,50000,2,Fraud
4,2,1496.97,50000,0,Clean
1,1,400.0,50000,0,Clean
5,3,19279.36,50000,2,Fraud
5,5,30937.12,50000,2,Fraud
2,2,19583.12,50000,2,Fraud
5,4,43184.24,50000,2,Fraud
1,1,3370.97,50000,0,Clean
1,1,7400.0,50000,0,Clean
5,2,36000.0,50000,0,Clean
1,1,40325.29,50000,2,Fraud
2,2,869.55,50000,1,Clean
5,3,34367.55,50000,2,Fraud
3,1,38937.44,50000,2,Fraud
4,3,4000.0,50000,2,Fraud
5,3,35513.72,50000,2,Fraud
