transaction,location,total_amount,limit,result
2,4,37697,50000,1
2,1,8120,50000,2
2,3,42454,50000,1
1,3,45306,50000,0
2,4,24367,50000,2
4,4,1291,50000,0
4,2,43814,50000,1
2,3,42608,50000,1
4,3,43878,50000,2
3,1,8863,50000,1
5,2,39279,50000,0
5,3,19484,50000,0
4,2,34046,50000,2
1,2,7805,50000,1
2,2,1028,50000,0
2,1,47793,50000,2
5,3,37267,50000,2
3,5,49127,50000,1
5,5,46725,50000,0
5,3,47602,50000,1
3,5,19030,50000,1
4,4,20367,50000,1
3,4,42044,50000,1
3,4,13457,50000,0
2,5,38044,50000,1
4,2,24109,50000,0
5,1,458,50000,1
5,2,12627,50000,1
5,5,16108,50000,2
4,1,23582,50000,2
3,3,10169,50000,1
5,5,48599,50000,2
4,4,28155,50000,2
2,1,10254,50000,0
2,2,45290,50000,0
4,1,27075,50000,2
1,4,14064,50000,2
2,2,23436,50000,1
3,5,24179,50000,2
5,2,42937,50000,1
4,1,39781,50000,0
2,3,2062,50000,1
3,2,38777,50000,0
1,2,20041,50000,2
3,5,33802,50000,2
3,4,15669,50000,1
5,4,471,50000,2
1,1,41565,50000,2
2,1,17601,50000,0
2,2,48243,50000,0
5,5,19258,50000,1
3,3,27688,50000,0
2,2,30685,50000,0
3,4,35322,50000,2
2,1,28855,50000,0
5,5,25448,50000,1
4,3,20403,50000,2
4,1,11162,50000,1
2,4,48656,50000,2
4,2,33387,50000,0
5,3,44198,50000,2
3,4,10321,50000,0
1,1,462,50000,2
5,3,29156,50000,1
3,3,21170,50000,1
4,2,18127,50000,0
2,3,49088,50000,2
1,5,17346,50000,2
5,4,49132,50000,2
2,5,32149,50000,1
2,4,45433,50000,2
4,3,31658,50000,0
5,2,3979,50000,1
4,5,39440,50000,1
3,5,11953,50000,1
3,5,44854,50000,2
1,3,383,50000,0
2,2,36900,50000,2
4,2,39448,50000,2
5,1,27857,50000,1
4,4,190,50000,0
4,5,4548,50000,1
3,1,23751,50000,1
5,3,34601,50000,1
2,5,44095,50000,1
5,5,1941,50000,0
1,1,46699,50000,0
4,4,7656,50000,0
4,3,22266,50000,2
1,1,10912,50000,0
4,5,2923,50000,0
5,2,4429,50000,1
1,3,16936,50000,0
5,3,102,50000,1
4,1,44652,50000,0
1,4,46800,50000,2
5,1,34421,50000,2
1,2,45559,50000,1
3,4,33339,50000,0
2,4,49264,50000,1
4,4,12269,50000,0
2,2,25429,50000,0
4,2,16127,50000,0
3,4,22885,50000,2
3,1,17314,50000,2
3,5,33567,50000,0
2,1,10868,50000,2
5,4,35646,50000,0
1,5,37709,50000,0
1,3,22471,50000,1
1,5,29911,50000,1
2,5,15180,50000,1
3,2,21889,50000,2
2,2,12383,50000,2
5,1,20268,50000,2
1,1,4010,50000,2
2,4,16424,50000,2
2,1,28577,50000,0
4,4,41209,50000,0
3,3,31344,50000,0
1,2,14287,50000,1
2,5,17120,50000,1
4,3,46917,50000,0
4,1,38101,50000,0
3,1,25011,50000,1
5,1,41060,50000,2
3,5,19785,50000,1
1,5,21709,50000,0
1,2,3399,50000,2
3,4,22138,50000,0
4,1,6205,50000,1
2,3,26486,50000,1
5,2,12947,50000,0
1,4,32686,50000,0
1,2,45178,50000,1
2,4,29725,50000,0
5,1,16906,50000,0
4,3,22082,50000,0
2,2,40038,50000,1
5,1,690,50000,2
1,5,47552,50000,2
1,1,21285,50000,0
4,4,28296,50000,1
1,2,8378,50000,2
1,1,41672,50000,0
4,1,12431,50000,0
2,2,25736,50000,0
2,1,5734,50000,0
4,1,3493,50000,0
1,4,7699,50000,0
3,3,30606,50000,2
4,1,35678,50000,2
5,3,9420,50000,1
4,5,35215,50000,1
1,1,42009,50000,2
2,2,48493,50000,1
2,1,14657,50000,2
3,4,23390,50000,0
1,1,45063,50000,0
4,4,4482,50000,0
5,2,49438,50000,0
4,4,6541,50000,1
5,4,26250,50000,2
5,3,12126,50000,1
5,5,41693,50000,2
2,1,14464,50000,1
1,5,3091,50000,0
1,3,42963,50000,2
3,3,23075,50000,2
5,5,1369,50000,1
3,5,17440,50000,1
1,1,18307,50000,2
1,3,9261,50000,2
2,4,40776,50000,2
5,5,1362,50000,2
3,4,2712,50000,1
4,3,28734,50000,2
5,4,17732,50000,0
3,4,45580,50000,1
1,3,15437,50000,1
2,3,37834,50000,0
1,2,18441,50000,1
3,2,36538,50000,1
5,1,30789,50000,1
1,4,45324,50000,2
4,4,41117,50000,2
2,2,3170,50000,1
5,5,38906,50000,1
5,3,26277,50000,2
3,4,11352,50000,0
5,4,35596,50000,0
2,2,45576,50000,2
2,1,34358,50000,0
4,4,19079,50000,2
5,3,8026,50000,2
1,3,18487,50000,0
2,4,11823,50000,0
5,1,9459,50000,2
1,3,44204,50000,0
4,5,44102,50000,1
1,1,7985,50000,1
4,4,763,50000,1
3,5,17989,50000,1
3,1,29514,50000,1
3,2,41072,50000,0
1,1,34693,50000,0
2,4,30250,50000,2
5,4,47849,50000,2
5,1,18194,50000,0
5,2,18040,50000,0
3,4,24330,50000,0
2,2,12857,50000,2
4,2,8973,50000,2
2,2,28029,50000,2
5,3,45151,50000,0
3,1,33184,50000,1
2,3,1046,50000,2
2,4,40797,50000,2
5,3,965,50000,0
2,1,5573,50000,0
1,5,8702,50000,2
1,4,10639,50000,1
3,1,7014,50000,1
1,1,13257,50000,2
3,5,14085,50000,2
1,5,30827,50000,1
1,4,45605,50000,2
4,3,10431,50000,2
5,4,3985,50000,2
4,4,14890,50000,1
5,4,29080,50000,0
2,2,42251,50000,0
5,5,14572,50000,2
3,4,2290,50000,1
2,2,22118,50000,1
3,2,35001,50000,1
1,2,2882,50000,0
2,4,14840,50000,1
5,2,6138,50000,1
5,1,49477,50000,1
3,3,26555,50000,0
2,1,35025,50000,0
3,3,18767,50000,2
5,5,31217,50000,0
3,1,34572,50000,2
1,3,30376,50000,1
2,1,9447,50000,0
5,1,15900,50000,0
5,5,28638,50000,1
1,2,10958,50000,2
3,5,27381,50000,1
2,3,5780,50000,0
3,1,22891,50000,1
1,3,24805,50000,2
4,5,7352,50000,1
1,3,13574,50000,0
4,5,15694,50000,0
2,2,18300,50000,2
2,3,3897,50000,2
1,3,2237,50000,2
2,3,27834,50000,1
1,5,2511,50000,2
4,1,25530,50000,1
1,3,649,50000,2
5,5,39247,50000,1
5,1,29966,50000,1
5,3,16784,50000,0
4,3,28892,50000,1
1,3,32356,50000,1
4,1,43094,50000,1
4,4,29375,50000,0
4,3,4098,50000,0
2,5,17308,50000,2
4,2,38015,50000,0
3,5,5833,50000,2
2,3,7836,50000,0
1,4,39257,50000,1
3,1,45503,50000,2
4,4,33450,50000,2
3,2,7432,50000,2
1,4,25727,50000,1
3,2,22947,50000,2
2,5,11051,50000,1
5,3,12729,50000,2
5,4,43158,50000,2
2,5,1798,50000,0
5,5,41649,50000,1
1,2,2275,50000,1
4,1,16237,50000,0
5,4,5316,50000,0
1,1,9022,50000,0
3,4,417,50000,2
5,1,24678,50000,0
5,2,10139,50000,2
5,1,18158,50000,0
2,3,15460,50000,0
3,1,18245,50000,2
5,4,2723,50000,1
2,1,35049,50000,2
4,5,6297,50000,0
1,2,47665,50000,1
2,3,8567,50000,0
5,1,20323,50000,0
4,5,14596,50000,1
4,1,21163,50000,1
4,1,13100,50000,2
3,2,25667,50000,0
4,5,46858,50000,1
2,3,19022,50000,0
5,2,47199,50000,2
2,3,20670,50000,2
5,2,9045,50000,2
1,3,42430,50000,2
5,2,45987,50000,0
1,2,42924,50000,2
1,2,17847,50000,2
1,1,2175,50000,1
4,4,18187,50000,2
5,4,26555,50000,0
5,1,20807,50000,0
3,3,28130,50000,1
2,2,49642,50000,1
3,5,16739,50000,0
2,1,1629,50000,0
2,5,33740,50000,1
5,3,19775,50000,2
4,2,2030,50000,2
3,1,1238,50000,0
4,5,4561,50000,0
2,2,30716,50000,2
2,4,15481,50000,1
5,3,3190,50000,2
4,5,15798,50000,0
2,3,4000,50000,1
4,5,5420,50000,1
2,4,47119,50000,1
3,3,47275,50000,0
1,1,27375,50000,2
5,3,470,50000,0
3,5,37329,50000,1
3,4,20921,50000,1
3,1,6974,50000,2
5,1,30505,50000,2
1,5,4900,50000,1
4,1,37577,50000,1
4,5,4704,50000,2
4,2,13071,50000,0
4,2,35145,50000,0
5,1,44419,50000,2
1,3,6886,50000,1
3,2,268,50000,0
2,4,32377,50000,2
1,1,26433,50000,0
3,2,40193,50000,0
2,2,48793,50000,2
5,1,1247,50000,2
4,4,11800,50000,2
1,4,36106,50000,1
1,2,29655,50000,1
5,5,48079,50000,2
4,3,33403,50000,1
2,1,8604,50000,2
2,3,49965,50000,0
5,2,38036,50000,1
3,5,38081,50000,0
5,4,3841,50000,1
4,2,46507,50000,1
5,4,3455,50000,0
2,2,40768,50000,2
3,5,7154,50000,2
3,5,5805,50000,0
5,5,31290,50000,1
5,5,5445,50000,2
3,1,153,50000,1
3,5,21737,50000,0
5,2,47244,50000,1
4,4,30549,50000,2
1,1,32065,50000,2
1,2,39045,50000,1
4,5,18650,50000,1
5,4,47270,50000,2
4,5,9522,50000,0
3,1,44519,50000,1
2,2,38517,50000,1
4,2,36662,50000,0
5,5,8907,50000,1
2,5,14388,50000,1
4,1,1476,50000,2
5,3,35857,50000,0
2,1,991,50000,2
1,1,30465,50000,1
5,4,15414,50000,0
1,2,36353,50000,1
5,4,42418,50000,1
4,2,26357,50000,0
4,3,24648,50000,2
4,1,27310,50000,2
1,4,44769,50000,2
3,2,11199,50000,1
5,1,25634,50000,0
5,2,31095,50000,1
1,4,41528,50000,0
2,3,47825,50000,1
3,2,6320,50000,2
5,1,36933,50000,1
3,4,8817,50000,1
2,2,11094,50000,0
3,4,23345,50000,0
2,3,17217,50000,1
1,5,304,50000,0
5,5,28282,50000,0
4,2,8851,50000,1
3,5,34497,50000,0
2,1,33592,50000,1
5,5,41504,50000,1
3,1,11793,50000,0
3,1,3159,50000,1
1,2,31550,50000,1
3,4,35180,50000,2
4,4,14575,50000,0
2,3,16585,50000,0
5,1,42417,50000,2
3,2,24568,50000,0
1,1,13222,50000,1
4,1,16937,50000,0
3,2,44580,50000,2
2,5,23100,50000,0
1,4,12571,50000,0
4,2,29350,50000,0
2,5,39688,50000,1
1,4,24049,50000,0
5,5,23882,50000,0
2,1,2945,50000,0
1,1,47214,50000,0
1,1,18260,50000,0
3,5,3857,50000,1
1,3,25302,50000,0
5,2,20702,50000,2
5,2,24781,50000,0
2,4,13136,50000,0
4,3,46454,50000,0
1,4,10651,50000,2
1,4,6513,50000,0
4,2,26408,50000,1
2,2,40868,50000,1
5,2,11178,50000,2
2,1,23845,50000,0
3,2,37068,50000,1
2,3,26046,50000,1
2,5,11501,50000,0
1,3,30440,50000,1
1,3,1583,50000,0
1,3,2066,50000,1
2,3,11761,50000,0
3,5,11073,50000,2
5,2,22016,50000,2
1,5,11415,50000,1
5,1,20170,50000,0
1,5,23008,50000,2
5,3,44730,50000,2
3,5,15387,50000,2
5,4,18003,50000,2
5,4,47501,50000,2
3,3,29184,50000,2
2,2,17116,50000,0
2,3,25644,50000,2
5,3,9818,50000,2
5,4,14911,50000,1
4,4,27197,50000,0
4,3,3846,50000,2
2,3,25106,50000,1
5,4,40764,50000,1
2,5,9444,50000,0
5,1,31667,50000,1
2,3,14402,50000,0
3,1,28771,50000,1
5,3,8682,50000,2
3,5,36914,50000,2
2,2,32197,50000,2
2,3,29231,50000,2
2,3,19726,50000,1
3,3,30141,50000,2
5,3,30219,50000,2
3,2,19148,50000,1
4,2,16446,50000,1
5,3,16927,50000,2
2,3,10133,50000,2
1,4,19793,50000,1
4,1,17932,50000,2
2,2,112,50000,2
4,4,37616,50000,2
4,3,28522,50000,0
2,3,21472,50000,0
5,3,48298,50000,2
4,5,21024,50000,2
2,2,20974,50000,1
2,1,7273,50000,2
5,1,18245,50000,2
5,4,25590,50000,2
3,5,8476,50000,0
3,4,35777,50000,2
5,5,45252,50000,2
3,5,24908,50000,2
3,4,1486,50000,2
4,5,6629,50000,0
4,3,48019,50000,2
3,1,8735,50000,2
1,4,2186,50000,1
3,3,20027,50000,0
4,4,15092,50000,2
4,1,39854,50000,2
1,1,31119,50000,1
3,3,20951,50000,0
2,1,48422,50000,2
4,5,12423,50000,0
1,2,17763,50000,2
3,1,7337,50000,0
3,4,44597,50000,2
3,2,11094,50000,2
3,4,34378,50000,1
1,3,43041,50000,0
3,2,38105,50000,2
2,2,32221,50000,0
2,4,31298,50000,2
3,5,22367,50000,0
5,4,46488,50000,1
3,3,5582,50000,1
5,4,44462,50000,0
1,3,10511,50000,2
4,5,45363,50000,0
2,5,48488,50000,0
2,5,15066,50000,0
3,5,37046,50000,2
3,3,15324,50000,1
4,3,49162,50000,1
3,2,4988,50000,0
3,5,6544,50000,2
1,2,27514,50000,1
4,4,47965,50000,1
2,3,34120,50000,0
2,2,11002,50000,0
1,3,44555,50000,1
2,5,10351,50000,1
5,3,23310,50000,1
1,4,24218,50000,0
3,2,41596,50000,0
3,2,31339,50000,1
2,3,45397,50000,2
3,5,3574,50000,1
3,5,6070,50000,2
3,2,40155,50000,1
5,5,21555,50000,1
5,3,39945,50000,2
4,2,16817,50000,1
3,3,28059,50000,1
2,1,18298,50000,2
1,3,17777,50000,0
4,3,45091,50000,0
2,5,9146,50000,1
1,2,31221,50000,0
3,3,9945,50000,2
5,4,10346,50000,0
4,1,41693,50000,1
3,4,25793,50000,1
4,3,33284,50000,2
2,5,43677,50000,0
3,3,6472,50000,2
4,4,9425,50000,2
1,4,4131,50000,1
1,3,48913,50000,0
2,2,3469,50000,2
3,4,42295,50000,2
4,3,8464,50000,1
2,3,6054,50000,0
4,2,12824,50000,0
5,1,26297,50000,0
2,4,19883,50000,1
1,3,12969,50000,2
2,3,2153,50000,0
2,5,22852,50000,0
3,4,810,50000,2
3,4,28169,50000,2
3,5,40758,50000,2
1,4,4636,50000,1
2,1,27996,50000,1
2,4,45839,50000,0
1,5,26119,50000,2
3,3,11842,50000,2
5,2,48132,50000,2
4,1,13675,50000,0
4,2,41364,50000,0
3,4,32789,50000,1
4,4,21736,50000,1
3,4,42524,50000,2
1,4,46654,50000,1
1,2,18511,50000,0
3,2,312,50000,1
5,5,23231,50000,2
1,5,16712,50000,2
4,1,25514,50000,0
1,3,23678,50000,1
3,2,23934,50000,2
4,2,20379,50000,1
3,5,15675,50000,1
2,1,41843,50000,1
1,2,35399,50000,1
2,5,36640,50000,1
1,1,21289,50000,1
1,2,41036,50000,2
3,1,16348,50000,1
3,2,38150,50000,0
3,5,33953,50000,1
3,4,49454,50000,1
1,2,28781,50000,2
3,4,5094,50000,2
5,4,4807,50000,1
1,3,33957,50000,2
2,5,40079,50000,1
5,3,27937,50000,0
4,5,14420,50000,2
5,5,13624,50000,2
3,1,42460,50000,0
1,2,35693,50000,2
2,2,48152,50000,2
5,2,20769,50000,0
5,1,2329,50000,1
5,1,12559,50000,0
3,4,15465,50000,0
1,4,39310,50000,1
5,1,29399,50000,0
2,4,30305,50000,2
3,1,18007,50000,0
5,4,19081,50000,0
2,3,38046,50000,2
3,2,19396,50000,2
4,2,25952,50000,2
3,3,36864,50000,0
2,3,11344,50000,0
3,1,262,50000,1
3,2,41057,50000,1
1,4,22538,50000,0
3,4,25754,50000,2
3,2,5124,50000,2
3,1,20533,50000,0
1,3,42410,50000,2
3,3,20208,50000,2
5,3,29866,50000,2
5,1,4498,50000,0
5,2,1803,50000,1
1,4,1554,50000,0
1,4,17645,50000,0
3,5,20854,50000,2
4,3,15442,50000,0
4,4,44230,50000,0
1,4,28133,50000,1
3,4,25514,50000,2
1,5,29289,50000,1
1,2,40596,50000,0
2,3,9758,50000,1
2,4,3733,50000,0
3,1,33393,50000,2
4,4,860,50000,1
4,1,4789,50000,0
2,4,22057,50000,0
1,5,49492,50000,0
3,1,25140,50000,2
5,5,29329,50000,1
1,2,48215,50000,0
5,3,32701,50000,1
1,2,28029,50000,2
1,5,22088,50000,0
2,3,468,50000,2
1,5,44491,50000,2
3,4,23775,50000,0
2,1,1708,50000,0
2,5,48458,50000,2
5,2,26855,50000,2
4,1,19339,50000,0
3,4,26768,50000,1
4,3,38802,50000,1
3,1,47330,50000,1
5,2,8935,50000,0
5,3,9718,50000,2
4,2,4860,50000,0
3,4,16285,50000,2
1,4,446,50000,0
5,1,19278,50000,2
2,5,29360,50000,2
2,4,40788,50000,0
2,4,30051,50000,0
4,5,36482,50000,2
3,1,19465,50000,2
4,1,40139,50000,1
5,1,35451,50000,1
2,2,49434,50000,1
4,4,34371,50000,0
2,5,46912,50000,2
2,2,26974,50000,2
4,4,33132,50000,1
3,5,1392,50000,0
2,4,8460,50000,2
2,1,22380,50000,0
5,1,4076,50000,0
3,3,43942,50000,0
4,2,3274,50000,2
2,2,11381,50000,2
4,4,8572,50000,1
1,4,20840,50000,1
3,2,13877,50000,2
3,4,26538,50000,2
2,3,13597,50000,0
3,4,36970,50000,2
2,5,38507,50000,0
5,5,17124,50000,1
5,2,25144,50000,1
1,4,49932,50000,2
3,2,37552,50000,0
1,1,7023,50000,1
5,2,15213,50000,1
3,1,37474,50000,0
3,4,31250,50000,1
2,1,44668,50000,0
1,1,20255,50000,1
4,2,1581,50000,0
4,1,16415,50000,2
3,1,43772,50000,2
4,2,1080,50000,2
2,1,22898,50000,0
5,5,26870,50000,2
2,5,13399,50000,2
4,4,21320,50000,1
3,2,24520,50000,2
4,5,6985,50000,1
2,3,26982,50000,2
4,2,38775,50000,2
1,5,11515,50000,2
3,3,45496,50000,2
2,3,30024,50000,0
2,2,21096,50000,1
5,4,10574,50000,1
1,1,1856,50000,0
5,5,41328,50000,0
4,4,7923,50000,2
2,3,5786,50000,0
3,4,9369,50000,2
2,5,2505,50000,2
1,2,43511,50000,2
4,3,46230,50000,2
5,4,19609,50000,0
3,3,33608,50000,2
5,3,40115,50000,0
1,2,14600,50000,0
3,4,10586,50000,0
5,3,19951,50000,1
4,3,8340,50000,0
1,3,28490,50000,2
2,5,10365,50000,2
2,3,1809,50000,1
4,5,33639,50000,2
5,3,3707,50000,0
4,2,6145,50000,2
3,3,2582,50000,1
3,3,3525,50000,1
2,3,18666,50000,1
4,1,33943,50000,2
4,5,39132,50000,0
5,5,20398,50000,1
1,2,12637,50000,2
2,1,44576,50000,0
3,2,16602,50000,2
1,4,36799,50000,1
4,1,46920,50000,0
4,5,36022,50000,2
2,3,18234,50000,0
3,2,6501,50000,2
2,5,12705,50000,1
4,2,2544,50000,0
3,2,47062,50000,0
3,1,3281,50000,2
4,1,44246,50000,2
2,5,11553,50000,2
2,4,36922,50000,1
1,4,11699,50000,1
4,5,10797,50000,1
1,4,46641,50000,0
3,1,42124,50000,0
2,2,21006,50000,1
4,5,46388,50000,1
5,4,21108,50000,2
3,4,37305,50000,1
5,3,26591,50000,1
5,3,18468,50000,2
4,1,28296,50000,1
1,5,20270,50000,1
2,3,23061,50000,1
4,2,1828,50000,2
5,5,26258,50000,1
3,2,21344,50000,0
2,1,27065,50000,1
1,4,41133,50000,0
3,1,29370,50000,2
4,3,13074,50000,2
5,3,4929,50000,1
2,2,28272,50000,0
4,5,4602,50000,0
4,4,11323,50000,0
5,1,33269,50000,0
2,4,36165,50000,1
3,4,18648,50000,1
5,2,9003,50000,1
1,2,17442,50000,2
4,1,23756,50000,1
4,1,43008,50000,1
2,3,11273,50000,1
1,2,12141,50000,1
1,2,39079,50000,0
4,2,8747,50000,0
5,5,34716,50000,1
4,3,12978,50000,2
2,1,36210,50000,1
4,5,7401,50000,2
2,5,24001,50000,1
4,2,41227,50000,2
1,1,48615,50000,0
4,2,9895,50000,0
2,3,34889,50000,0
5,3,43693,50000,2
2,4,34395,50000,2
2,4,11718,50000,0
2,2,16064,50000,1
5,2,8408,50000,2
5,3,31393,50000,2
3,4,27191,50000,0
3,1,29678,50000,0
1,1,33149,50000,1
2,3,40090,50000,2
4,1,48962,50000,0
5,2,2455,50000,0
1,5,2237,50000,1
2,3,26513,50000,1
4,4,45342,50000,2
5,2,4768,50000,0
2,3,33492,50000,2
2,5,20391,50000,2
1,1,2103,50000,1
5,3,15109,50000,1
2,3,33767,50000,1
2,5,16404,50000,2
3,3,33705,50000,0
4,2,33676,50000,0
4,3,10172,50000,1
1,2,3635,50000,1
1,5,1567,50000,1
4,1,41555,50000,2
4,2,29736,50000,0
2,5,33505,50000,0
5,2,38233,50000,2
2,2,12216,50000,1
1,1,19172,50000,1
3,2,6207,50000,0
4,2,2178,50000,2
4,1,18677,50000,1
1,2,15598,50000,2
2,3,48762,50000,0
1,4,32157,50000,0
2,2,11159,50000,0
4,3,49546,50000,0
4,1,20967,50000,0
4,2,9183,50000,2
5,4,46590,50000,2
2,5,46140,50000,2
1,3,19829,50000,0
4,5,13137,50000,0
5,4,20000,50000,1
3,5,3681,50000,2
1,2,35599,50000,0
2,1,29714,50000,1
4,3,15162,50000,0
2,3,48170,50000,2
4,1,39583,50000,1
5,4,17681,50000,1
1,3,21812,50000,0
2,3,21182,50000,0
4,2,39432,50000,1
2,4,6992,50000,1
2,1,30638,50000,2
1,1,5301,50000,1
4,2,30696,50000,1
2,2,18687,50000,2
3,3,32078,50000,1
5,1,32150,50000,2
1,4,36063,50000,2
1,4,47959,50000,0
3,4,14826,50000,1
4,4,47623,50000,0
2,3,22417,50000,1
2,1,43314,50000,0
2,5,15549,50000,0
4,5,18507,50000,2
5,2,14428,50000,2
1,1,43562,50000,0
1,1,29076,50000,2
5,3,34668,50000,0
1,1,24915,50000,2
4,5,5258,50000,0
3,3,5042,50000,0
4,3,33506,50000,0
5,2,47162,50000,0
3,5,5479,50000,1
4,2,5399,50000,2
5,5,40218,50000,1
2,2,47301,50000,0
5,3,41562,50000,2
4,4,27591,50000,0
4,4,21456,50000,1
5,1,34265,50000,0
2,4,49413,50000,0
4,5,21213,50000,2
3,3,5117,50000,1
2,5,21227,50000,0
4,3,48702,50000,1
1,4,43023,50000,2
5,1,45752,50000,2
1,1,15921,50000,1
1,1,2587,50000,0
1,5,39498,50000,0
1,3,7251,50000,1
5,4,35976,50000,2
4,1,8104,50000,0
4,3,3847,50000,2
2,2,22419,50000,2
2,5,38598,50000,1
5,2,28251,50000,0
1,4,35394,50000,2
2,2,45093,50000,2
1,1,47759,50000,1
1,1,35626,50000,0
1,3,38126,50000,1
5,3,2838,50000,0
1,3,44796,50000,0
3,5,13529,50000,0
1,4,30543,50000,1
4,1,45960,50000,2
2,5,7797,50000,2
4,1,46298,50000,1
5,4,3442,50000,1
1,4,6337,50000,2
2,2,39436,50000,1
2,3,4303,50000,2
2,1,46498,50000,2
1,5,36883,50000,2
2,4,9058,50000,1
1,5,27285,50000,2
4,2,22451,50000,1
4,4,41513,50000,0
5,2,19397,50000,2
3,5,6473,50000,0
4,5,19107,50000,2
5,3,6906,50000,2
4,2,8328,50000,1
4,5,46061,50000,0
2,3,17582,50000,2
5,4,4041,50000,2
3,5,1171,50000,0
4,5,49498,50000,0
5,4,47538,50000,1
5,4,16302,50000,0
3,3,46550,50000,2
3,4,35230,50000,1
1,1,29214,50000,1
4,1,30244,50000,0
2,2,47135,50000,2
1,5,5780,50000,0
3,1,509,50000,0
2,5,34001,50000,0
3,1,6509,50000,1
3,5,32635,50000,1
2,3,42021,50000,0
5,1,6737,50000,1
1,3,19205,50000,0
4,3,19118,50000,2
3,2,45391,50000,1
2,1,4409,50000,1
4,5,14114,50000,1
2,1,11001,50000,2
5,2,30961,50000,0
1,4,19595,50000,0
5,3,13294,50000,1
2,1,20674,50000,2
1,2,19057,50000,0
2,1,16673,50000,1
2,4,28803,50000,0
5,2,3418,50000,2
3,5,15837,50000,0
3,1,38325,50000,1
4,5,25050,50000,0
3,5,17185,50000,0
2,2,36736,50000,1
1,5,17651,50000,1
3,3,11102,50000,2
,,2300,50000,0
,,9900,50000,0
,,4158.42,50000,0
,,36500,50000,2
,,20990.44,50000,2
,,25600,50000,2
,,40000,50000,2
,,41138.96,50000,2
,,10400,50000,2
,,10000,50000,0
,,9600,50000,2
,,2700,50000,0
,,17100,50000,0
,,4500,50000,0
,,3600,50000,2
,,30000,50000,2
,,48663.33,50000,2
,,3700,50000,0
,,7162.71,50000,0
,,41818.78,50000,2
,,14815.49,50000,2
,,42692.03,50000,2
,,9370.66,50000,0
,,16213.4,50000,2
,,40000,50000,0
,,30151.03,50000,2
,,38011.79,50000,2
,,43000,50000,2
,,44500,50000,2
,,2119.59,50000,0
,,12000,50000,0
,,17091.78,50000,2
,,42000,50000,0
,,653.95,50000,0
,,9000,50000,0
,,2795.69,50000,2
,,11800,50000,1
,,8316.69,50000,1
,,14800,50000,2
,,17623.87,50000,2
,,22200,50000,0
,,50000,50000,2
,,28840.59,50000,2
,,29659.96,50000,2
,,16000,50000,2
,,9800,50000,0
,,7055.9,50000,2
,,178.86,50000,2
,,700,50000,0
,,187.59,50000,2
,,35151.41,50000,2
,,34107.46,50000,2
,,19000,50000,2
,,6900,50000,0
,,49988.55,50000,2
,,10521.79,50000,2
,,23100,50000,2
,,7000,50000,0
,,47000,50000,2
,,168.31,50000,0
,,25740.72,50000,2
,,38505.15,50000,2
,,15800,50000,1
,,4800,50000,1
,,48784.71,50000,2
,,11800,50000,0
,,27611.24,50000,2
,,9200,50000,2
,,33000,50000,0
,,3000,50000,0
,,38862.79,50000,2
,,9200,50000,0
,,12500,50000,2
,,8400,50000,0
,,25500,50000,2
,,15056.81,50000,2
,,15394.02,50000,2
,,48500,50000,0
,,6000,50000,1
,,36442.85,50000,2
,,43871.53,50000,2
,,4000,50000,1
,,18000,50000,0
,,14217.95,50000,2
,,41754.13,50000,2
,,26918.16,50000,2
,,21823.25,50000,2
,,21582.54,50000,2
,,9200,50000,2
,,25979.01,50000,2
,,2800,50000,0
,,26349.28,50000,2
,,27600,50000,0
,,2200,50000,1
,,3300,50000,0
,,20526.39,50000,2
,,29101.85,50000,2
,,3448.81,50000,0
,,26732.61,50000,2
,,30500,50000,0
,,44902.74,50000,2
,,3500,50000,0
,,13500,50000,2
,,2400,50000,0
,,30818.45,50000,2
,,400,50000,0
,,36400,50000,0
,,16962.11,50000,2
,,3148.42,50000,1
,,1500,50000,0
,,14445.03,50000,2
,,7110.13,50000,1
,,14800,50000,0
,,31014.2,50000,2
,,13850.47,50000,2
,,16500,50000,2
,,3900,50000,0
,,32613.21,50000,2
,,7500,50000,0
,,44000,50000,0
,,3100,50000,0
,,40957.48,50000,2
,,42899.66,50000,2
,,32800,50000,0
,,34786.92,50000,2
,,10706.13,50000,2
,,824.4,50000,0
,,41634.89,50000,2
,,500,50000,0
,,26257.64,50000,2
,,16800,50000,0
,,5300,50000,0
,,42812.97,50000,2
,,3400,50000,0
,,11200,50000,2
,,41000,50000,0
,,15308.39,50000,2
,,1700,50000,0
,,18978.88,50000,2
,,36500,50000,2
,,11088,50000,1
,,31529.28,50000,2
,,800,50000,0
,,6533.87,50000,0
,,4400,50000,1
,,40857.21,50000,2
,,5200,50000,0
,,30000,50000,0
,,47034.91,50000,2
,,2000,50000,0
,,21267.08,50000,2
,,41918.95,50000,2
,,11421.46,50000,2
,,24000,50000,2
,,1200,50000,0
,,33410.89,50000,2
,,8000,50000,0
,,9400,50000,1
,,30000,50000,2
,,8121.84,50000,0
,,27285.83,50000,2
,,19600,50000,2
,,43784.46,50000,2
,,700,50000,0
,,33410.13,50000,2
,,41931.77,50000,2
,,7600,50000,1
,,47043.98,50000,2
,,2200,50000,1
,,13836.28,50000,2
,,5571.67,50000,0
,,310.16,50000,0
,,18000,50000,1
,,14400,50000,0
,,41381.44,50000,2
,,36466.8,50000,2
,,24402.54,50000,2
,,6300,50000,0
,,4528.14,50000,2
,,2000,50000,2
,,45894.27,50000,2
,,23069.89,50000,2
,,10200,50000,0
,,28400,50000,0
,,13609.99,50000,2
,,24500,50000,2
,,7200,50000,0
,,28392.73,50000,2
,,3000,50000,1
,,3200,50000,2
,,17400,50000,2
,,25358.75,50000,2
,,10800,50000,1
,,9700,50000,0
,,8700,50000,0
,,29600,50000,2
,,8700,50000,0
,,16600,50000,0
,,12000,50000,0
,,37833.39,50000,2
,,8200,50000,0
,,25500,50000,0
,,38874.75,50000,2
,,18000,50000,1
,,6000,50000,0
,,28000,50000,2
,,5800,50000,0
,,22200,50000,0
,,26621.64,50000,2
,,30400,50000,0
,,24111.18,50000,2
,,32500,50000,2
,,18000,50000,2
,,19306.35,50000,2
,,39600,50000,2
,,18801.64,50000,2
,,24377.66,50000,2
,,4200,50000,0
,,15919.85,50000,2
,,900,50000,0
,,25000,50000,2
,,48592.71,50000,2
,,21600,50000,0
,,10978.58,50000,2
,,36500,50000,0
,,31000,50000,2
,,9800,50000,0
,,19301.82,50000,2
,,3392.49,50000,2
,,5900,50000,0
,,7400,50000,0
,,9876.14,50000,0
,,1200,50000,0
,,38000,50000,0
,,35200,50000,0
,,29457.07,50000,2
,,23017.42,50000,2
,,3496.35,50000,0
,,31523.8,50000,2
,,39500,50000,2
,,12000,50000,0
,,37000,50000,0
,,4000,50000,1
,,49568.11,50000,2
,,9700,50000,0
,,5000.23,50000,0
,,1403.52,50000,0
,,37817.1,50000,2
,,7009.92,50000,0
,,17426.37,50000,2
,,9200,50000,0
,,11004.72,50000,2
,,9900,50000,0
,,34594.63,50000,2
,,44813.78,50000,2
,,37000,50000,0
,,16800,50000,2
,,8100,50000,2
,,25500,50000,0
,,35612.88,50000,2
,,15900,50000,0
,,23649.64,50000,2
,,25260.41,50000,2
,,15456.38,50000,2
,,9201.34,50000,1
,,2400,50000,2
,,4451.9,50000,0
,,18896.22,50000,2
,,6400,50000,1
,,7100,50000,0
,,30000,50000,2
,,5661.28,50000,0
,,36527.38,50000,2
,,4200,50000,1
,,40253.28,50000,2
,,23687.86,50000,2
,,22665.89,50000,2
,,44033.22,50000,2
,,17600,50000,2
,,8600,50000,0
,,13581.3,50000,2
,,36103.81,50000,2
,,18000,50000,0
,,17575.17,50000,2
,,6500,50000,0
,,30800,50000,0
,,42500,50000,0
,,4200,50000,0
,,43811.81,50000,2
,,24600,50000,0
,,28237.56,50000,2
,,8000,50000,0
,,18800,50000,0
,,28000,50000,2
,,2097.57,50000,2
,,9780.87,50000,0
,,13800,50000,1
,,15000,50000,1
,,19474.89,50000,2
,,998.69,50000,0
,,6100,50000,0
,,36913.89,50000,2
,,16000,50000,0
,,45000,50000,0
,,11933.08,50000,2
,,27900,50000,0
,,42994.85,50000,2
,,27000,50000,2
,,7500,50000,0
,,37500,50000,0
,,41328.92,50000,2
,,5700,50000,0
,,13310.08,50000,2
,,12300,50000,2
,,33500,50000,2
,,9700,50000,0
,,3400,50000,0
,,30390.22,50000,2
,,10880.27,50000,2
,,12606.09,50000,2
,,25464.9,50000,2
,,9000,50000,0
,,31088.57,50000,2
,,16200,50000,1
,,24800,50000,2
,,19333.42,50000,2
,,25200,50000,2
,,742.4,50000,0
,,14400,50000,2
,,19200,50000,0
,,18257.95,50000,2
,,3800,50000,1
,,13400,50000,0
,,800,50000,2
,,6400,50000,0
,,5514.62,50000,0
,,32440.41,50000,2
,,28613.49,50000,2
,,2800,50000,2
,,5063.57,50000,0
,,14955.53,50000,2
,,28800,50000,0
,,13200,50000,0
,,11985.3,50000,2
,,34003.52,50000,2
,,2800,50000,0
,,4200,50000,1
,,44389.83,50000,2
,,33109.02,50000,2
,,10960.07,50000,2
,,7600,50000,1
,,19800,50000,2
,,107.9,50000,0
,,9000,50000,0
,,11703,50000,2
,,3400,50000,1
,,46875.35,50000,2
,,46811.37,50000,2
,,20829.63,50000,2
,,32373.25,50000,2
,,3700,50000,0
,,28200,50000,2
,,19800,50000,2
,,24483.06,50000,2
,,34289.44,50000,2
,,37582.83,50000,2
,,4220.7,50000,2
,,7960.58,50000,2
,,15900,50000,0
,,28500,50000,2
,,34432.13,50000,2
,,9600,50000,0
,,3600,50000,2
,,35317.39,50000,2
,,26159.13,50000,2
,,37000,50000,0
,,8800,50000,0
,,48545.31,50000,2
,,43500,50000,2
,,8400,50000,2
,,17103.2,50000,2
,,1205.43,50000,0
,,44233.78,50000,2
,,23150.28,50000,2
,,25418.16,50000,2
,,48300.6,50000,2
,,44602.22,50000,2
,,30585.52,50000,2
,,27397.74,50000,2
,,6000,50000,0
,,4200,50000,0
,,8600,50000,0
,,18600,50000,0
,,34336.69,50000,2
,,27774.79,50000,2
,,2419.54,50000,0
,,42500,50000,2
,,17878.53,50000,2
,,2387.05,50000,2
,,1500,50000,0
,,5952.63,50000,2
,,15991.7,50000,2
,,37479.33,50000,2
,,24133.36,50000,2
,,27000,50000,0
,,14400,50000,0
,,27200,50000,2
,,30016.48,50000,2
,,3336.28,50000,0
,,36800,50000,2
,,23881.93,50000,2
,,16492.69,50000,2
,,616.44,50000,1
,,29600,50000,0
,,34261.17,50000,2
,,11246.74,50000,2
,,9000,50000,0
,,37500,50000,0
,,1043.94,50000,0
,,37500,50000,2
,,16448.77,50000,2
,,8000,50000,1
,,24500,50000,2
,,2400,50000,0
,,36423.13,50000,2
,,31136.39,50000,2
,,19000,50000,2
,,48944.21,50000,2
,,13628.12,50000,2
,,28800,50000,0
,,34800,50000,2
,,43306.14,50000,2
,,1800.67,50000,2
,,37930.35,50000,2
,,42500,50000,0
,,21500,50000,0
,,16254.24,50000,2
,,1300.61,50000,1
,,46500,50000,0
,,19400,50000,1
,,43559.51,50000,2
,,40244.48,50000,2
,,32885.97,50000,2
,,18061.6,50000,2
,,9167.23,50000,2
,,8400,50000,0
,,24000,50000,0
,,20812.37,50000,2
,,9800,50000,0
,,19885.76,50000,2
,,4153.3,50000,0
,,21150.87,50000,2
,,16500,50000,0
,,40500,50000,0
,,10000,50000,0
,,12800,50000,2
,,43248.91,50000,2
,,37242.35,50000,2
,,25963.33,50000,2
,,25388.81,50000,2
,,2100,50000,0
,,27841.99,50000,2
,,17600,50000,0
,,19500,50000,0
,,16500,50000,0
,,45873.89,50000,2
,,17700,50000,2
,,40982.46,50000,2
,,20400,50000,2
,,694.1,50000,2
,,3600,50000,0
,,37407.47,50000,2
,,7100,50000,0
,,800,50000,0
,,46338.53,50000,2
,,6000,50000,0
,,8163.44,50000,0
,,35000.12,50000,2
,,17000,50000,0
,,12273.27,50000,2
,,5644.78,50000,2
,,9766.56,50000,0
,,2785.3,50000,0
,,4500,50000,0
,,12000,50000,0
,,17973.7,50000,2
,,1600,50000,1
,,10348.72,50000,2
,,22182.44,50000,2
,,14000,50000,2
,,38900.98,50000,2
,,1000,50000,0
,,3299.98,50000,2
,,44580.44,50000,2
,,11950.88,50000,2
,,21019.22,50000,2
,,2635.04,50000,0
,,7700,50000,0
,,12300,50000,0
,,8115.17,50000,2
,,22800,50000,2
,,5100,50000,0
,,36500,50000,2
,,7000,50000,0
,,2659.07,50000,0
,,7800,50000,1
,,17000,50000,0
,,8440.12,50000,0
,,40182.32,50000,2
,,41000,50000,2
,,33094.54,50000,2
,,23100,50000,2
,,40000,50000,0
,,45429.72,50000,2
,,4100,50000,0
,,8600,50000,1
,,32993.31,50000,2
,,2497.11,50000,0
,,24508.17,50000,2
,,27200,50000,0
,,49358.03,50000,2
,,33892.85,50000,2
,,5600,50000,0
,,3804.15,50000,0
,,3285.66,50000,1
,,10200,50000,1
,,18600,50000,0
,,8718.42,50000,0
,,28800,50000,2
,,27600,50000,0
,,3200,50000,0
,,23470.12,50000,2
,,22302.19,50000,2
,,8800,50000,0
,,2722.87,50000,2
,,2900,50000,0
,,8200,50000,0
,,37200,50000,0
,,29183.72,50000,2
,,46977.35,50000,2
,,38491.74,50000,2
,,3500,50000,0
,,8600,50000,0
,,19000,50000,2
,,2400,50000,0
,,10887.11,50000,2
,,2500,50000,0
,,25200,50000,0
,,8226.05,50000,2
,,10200,50000,0
,,3895.76,50000,0
,,18000,50000,2
,,8400,50000,0
,,5791.91,50000,0
,,33406.48,50000,2
,,9600,50000,0
,,4000,50000,0
,,17600,50000,0
,,14736.13,50000,2
,,3700,50000,0
,,10340.64,50000,2
,,27244.11,50000,2
,,8200,50000,0
,,45500,50000,2
,,38913.01,50000,2
,,16946.73,50000,2
,,18000,50000,2
,,37050.1,50000,2
,,15400,50000,0
,,14417.11,50000,2
,,27825.76,50000,2
,,9042.9,50000,2
,,1814.09,50000,0
,,17983.45,50000,2
,,26379.83,50000,2
,,4200,50000,0
,,19369.96,50000,2
,,12300,50000,0
,,2800,50000,2
,,6400,50000,0
,,6179.94,50000,0
,,4582.17,50000,0
,,16600,50000,1
,,31016.05,50000,2
,,18400,50000,0
,,34391.08,50000,2
,,16478.1,50000,2
,,5998.43,50000,1
,,23989.23,50000,2
,,1200,50000,1
,,39994.34,50000,2
,,45883.22,50000,2
,,2400,50000,0
,,785.34,50000,2
,,16600,50000,0
,,1300,50000,0
,,14500,50000,0
,,19200,50000,0
,,44432.37,50000,2
,,6212.7,50000,0
,,822.16,50000,0
,,31598.45,50000,2
,,18900,50000,0
,,21856.16,50000,2
,,21300,50000,0
,,27000,50000,2
,,19600,50000,0
,,14800,50000,1
,,15440.63,50000,2
,,10800,50000,0
,,3636.12,50000,0
,,18213.15,50000,2
,,3000,50000,2
,,23200,50000,0
,,18278.53,50000,2
,,17014.8,50000,2
,,46549.83,50000,2
,,30800,50000,2
,,7900,50000,0
,,35240.18,50000,2
,,6600,50000,0
,,26000,50000,0
,,8800,50000,0
,,21643.89,50000,2
,,26100,50000,0
,,6800,50000,0
,,24000,50000,0
,,29282.22,50000,2
,,27725.4,50000,2
,,11500,50000,0
,,15000,50000,1
,,9600,50000,2
,,50000,50000,0
,,24000,50000,0
,,21764.87,50000,2
,,14600,50000,1
,,44422.36,50000,2
,,12600,50000,0
,,6400,50000,0
,,30925.11,50000,2
,,36519.16,50000,2
,,3300,50000,2
,,15300,50000,0
,,23000,50000,2
,,9662.57,50000,0
,,2400,50000,1
,,6800,50000,0
,,1000,50000,0
,,22400,50000,2
,,44541.24,50000,2
,,14422.11,50000,2
,,35600,50000,0
,,487.31,50000,0
,,5299.97,50000,2
,,28400,50000,0
,,40788.38,50000,2
,,17059.9,50000,2
,,23092.35,50000,2
,,19412.65,50000,2
,,7400,50000,0
,,25367.61,50000,2
,,16556.98,50000,2
,,29074.8,50000,2
,,34168.69,50000,2
,,39726.2,50000,2
,,18500,50000,2
,,12000,50000,0
,,46071.33,50000,2
,,29400,50000,0
,,36234.2,50000,2
,,28053.48,50000,2
,,39408.64,50000,2
,,6123.08,50000,0
,,30944.19,50000,2
,,5389.37,50000,0
,,22706.81,50000,2
,,3700,50000,0
,,32608.11,50000,2
,,4200,50000,1
,,48500,50000,2
,,22800,50000,0
,,7813.24,50000,2
,,23700,50000,0
,,7100,50000,0
,,25590.91,50000,2
,,24000,50000,2
,,21600,50000,0
,,586.87,50000,0
,,3300,50000,0
,,6200,50000,0
,,27900,50000,0
,,42036.9,50000,2
,,3300,50000,0
,,25600,50000,2
,,35566.21,50000,2
,,16000,50000,0
,,15749.97,50000,2
,,700,50000,0
,,7614.92,50000,2
,,43450.13,50000,2
,,1000,50000,0
,,36000,50000,2
,,47636.49,50000,2
,,21000,50000,0
,,1800,50000,0
,,2700,50000,0
,,3372.95,50000,0
,,25716.33,50000,2
,,20153.18,50000,2
,,16281.85,50000,2
,,8391.6,50000,0
,,47244.54,50000,2
,,11600,50000,0
,,20360.87,50000,2
,,14045.08,50000,2
,,13600,50000,0
,,41437.83,50000,2
,,5400,50000,0
,,18200,50000,0
,,42121.35,50000,2
,,1951.43,50000,0
,,46956.07,50000,2
,,23700,50000,2
,,15023.62,50000,2
,,13268.4,50000,2
,,9000,50000,0
,,26000,50000,2
,,19200,50000,2
,,2949.47,50000,0
,,24300,50000,2
,,9500,50000,0
,,48978.75,50000,2
,,30339.72,50000,2
,,2500,50000,2
,,3000,50000,2
,,14400,50000,0
,,44695.89,50000,2
,,7228.26,50000,1
,,28000,50000,2
,,24680.34,50000,2
,,30722.14,50000,2
,,47827.28,50000,2
,,15900,50000,2
,,38546.77,50000,2
,,11658.52,50000,2
,,7947.18,50000,2
,,6000,50000,0
,,7381.62,50000,0
,,10287.41,50000,2
,,14100,50000,2
,,18732.54,50000,2
,,10200,50000,0
,,19759.77,50000,2
,,7604.84,50000,2
,,22000,50000,0
,,30803.03,50000,2
,,2300,50000,0
,,2600,50000,1
,,18600,50000,2
,,29239.1,50000,2
,,2400,50000,2
,,1500,50000,2
,,44793.35,50000,2
,,4857.97,50000,2
,,9800,50000,1
,,14901.67,50000,2
,,33034.01,50000,2
,,30000,50000,2
,,13165.26,50000,2
,,10611.36,50000,2
,,37769.47,50000,2
,,13772.21,50000,2
,,13800,50000,0
,,2000,50000,2
,,25810.06,50000,2
,,13745.76,50000,2
,,9000,50000,0
,,25908.31,50000,2
,,6800,50000,0
,,20586,50000,2
,,5400,50000,0
,,31652.5,50000,2
,,3500,50000,2
,,2600,50000,1
,,11400,50000,0
,,16400,50000,0
,,24300,50000,2
,,19392.73,50000,2
,,8400,50000,0
,,27000,50000,2
,,35955.06,50000,2
,,26157.01,50000,2
,,46196.79,50000,2
,,48400.76,50000,2
,,8400,50000,2
,,17200,50000,0
,,28981.83,50000,2
,,2500,50000,0
,,5400,50000,1
,,2600,50000,0
,,37997.1,50000,2
,,13811.77,50000,2
,,42914.78,50000,2
,,8100,50000,0
,,34782.48,50000,2
,,18400,50000,0
,,8300,50000,0
,,22569.69,50000,2
,,3000,50000,0
,,12000,50000,0
,,36000,50000,2
,,27200,50000,2
,,29500,50000,0
,,31454.4,50000,2
,,2998.06,50000,0
,,36968.17,50000,2
,,47618.49,50000,2
,,48431.21,50000,2
,,31200,50000,0
,,3764.45,50000,2
,,12679.69,50000,2
,,7400,50000,0
,,41500,50000,2
,,756.52,50000,0
,,34736.37,50000,2
,,32000,50000,0
,,15940.05,50000,2
,,39200,50000,2
,,46896.89,50000,2
,,24686.09,50000,2
,,13427.17,50000,2
,,18310.13,50000,2
,,14509.79,50000,2
,,3300,50000,2
,,13936.67,50000,2
,,1245.57,50000,0
,,7900,50000,0
,,42992.65,50000,2
,,11100,50000,2
,,13800,50000,0
,,14400,50000,0
,,22107.96,50000,2
,,12400,50000,1
,,24476.18,50000,2
,,2600,50000,0
,,46500,50000,0
,,15871.89,50000,2
,,20100,50000,0
,,4100,50000,0
,,26100,50000,0
,,24500,50000,2
,,43691.26,50000,2
,,19309.53,50000,2
,,11400,50000,0
,,4200,50000,0
,,6478.94,50000,0
,,41085.77,50000,2
,,7600,50000,0
,,27107.69,50000,2
,,23098.61,50000,2
,,33200,50000,0
,,5000,50000,2
,,8200,50000,0
,,19600,50000,0
,,8292.69,50000,2
,,15088.42,50000,2
,,16480.6,50000,2
,,9000,50000,0
,,3400,50000,0
,,3878.26,50000,0
,,8800,50000,0
,,3600,50000,0
,,40959.32,50000,2
,,6200,50000,0
,,19991.14,50000,2
,,27000,50000,0
,,20400,50000,2
,,4723.89,50000,0
,,9500,50000,2
,,5870.12,50000,0
,,17800,50000,0
,,2800,50000,1
,,11600,50000,2
,,15137.35,50000,2
,,4600,50000,1
,,46817.61,50000,2
,,29000,50000,2
,,1400,50000,0
,,24400,50000,2
,,17200,50000,0
,,14713.91,50000,2
,,5900,50000,0
,,45000,50000,2
,,35500,50000,2
,,6000,50000,0
,,12606.17,50000,2
,,25402.35,50000,2
,,5900,50000,0
,,20400,50000,2
,,39501.92,50000,2
,,44471.38,50000,2
,,49500,50000,2
,,19329.03,50000,2
,,12924.32,50000,2
,,15600,50000,0
,,1200,50000,0
,,19902.15,50000,2
,,13076.68,50000,2
,,11633.25,50000,2
,,30312.5,50000,2
,,29500,50000,0
,,39477.5,50000,2
,,12074.13,50000,2
,,34514.74,50000,2
,,5705.06,50000,2
,,800,50000,0
,,46828.7,50000,2
,,33695.24,50000,2
,,17000,50000,2
,,49245.42,50000,2
,,2700,50000,0
,,45247.45,50000,2
,,38400,50000,2
,,11387.89,50000,2
,,28162.73,50000,2
,,6100,50000,0
,,25130.19,50000,2
,,8800,50000,2
,,9445.12,50000,2
,,15300,50000,0
,,12000,50000,0
,,32800,50000,0
,,44857.96,50000,2
,,31000,50000,2
,,17100,50000,0
,,32307.14,50000,2
,,29500,50000,0
,,39257.99,50000,2
,,26100,50000,0
,,368.6,50000,2
,,35363.33,50000,2
,,600,50000,0
,,21500,50000,2
,,10500,50000,0
,,2000,50000,0
,,16090.97,50000,2
,,26318.81,50000,2
,,36426.66,50000,2
,,22400,50000,2
,,1500,50000,2
,,18723.61,50000,2
,,35000,50000,2
,,30832.79,50000,2
,,19293.03,50000,2
,,8500,50000,0
,,15400,50000,0
,,3600,50000,0
,,16800,50000,0
,,10500,50000,2
,,7300,50000,0
,,8600,50000,1
,,8600,50000,0
,,10000,50000,0
,,6000,50000,0
,,47044.93,50000,2
,,27178.78,50000,2
,,20700,50000,0
,,38853.96,50000,2
,,200,50000,0
,,3623.63,50000,0
,,15600,50000,1
,,1938.53,50000,0
,,4700,50000,0
,,9000,50000,0
,,36400,50000,2
,,16913.27,50000,2
,,7200,50000,0
,,40000,50000,0
,,39520.55,50000,2
,,28800,50000,2
,,47818.71,50000,2
,,44073.14,50000,2
,,15971.03,50000,2
,,25674.81,50000,2
,,6333.54,50000,2
,,6400,50000,2
,,36103.08,50000,2
,,6900,50000,0
,,5015.86,50000,0
,,4200,50000,0
,,43000,50000,0
,,4600,50000,1
,,27000,50000,0
,,9522.47,50000,0
,,31600,50000,2
,,35462.11,50000,2
,,12800,50000,2
,,26482.62,50000,2
,,7400,50000,1
,,7900,50000,0
,,13500,50000,0
,,22560.74,50000,2
,,33323.74,50000,2
,,27600,50000,0
,,16750.26,50000,2
,,8310.35,50000,0
,,14100,50000,0
,,45500,50000,0
,,1206.51,50000,2
,,36993.53,50000,2
,,34012.51,50000,2
,,25500,50000,2
,,21500,50000,2
,,3300,50000,0
,,16500,50000,0
,,4200,50000,0
,,33670.29,50000,2
,,9200,50000,0
,,14400,50000,2
,,4800,50000,2
,,45723.95,50000,2
,,16500,50000,0
,,32298.41,50000,2
,,5523.16,50000,0
,,19893.61,50000,2
,,18800,50000,0
,,6600,50000,0
,,30500,50000,2
,,16320.13,50000,2
,,12425.69,50000,2
,,18477.5,50000,2
,,39852.95,50000,2
,,979.12,50000,0
,,16358.55,50000,2
,,9292.16,50000,0
,,13755.46,50000,2
,,21900,50000,0
,,13001.28,50000,2
,,33812.57,50000,2
,,25830.07,50000,2
,,4821.73,50000,0
,,35817.71,50000,2
,,496.19,50000,0
,,2702.17,50000,0
,,18257.4,50000,2
,,2767.99,50000,2
,,2000,50000,0
,,45571.54,50000,2
,,6000,50000,0
,,400,50000,0
,,23985.85,50000,2
,,6400,50000,0
,,400,50000,1
,,200,50000,0
,,13800,50000,1
,,13500,50000,2
,,6413.69,50000,0
,,47285.58,50000,2
,,37845.42,50000,2
,,19000,50000,1
,,32800,50000,2
,,15123.57,50000,2
,,600,50000,0
,,34000,50000,0
,,33654.46,50000,2
,,34865.04,50000,2
,,1908.98,50000,0
,,9000,50000,0
,,4000,50000,0
,,5100,50000,0
,,119.46,50000,0
,,40231.41,50000,2
,,14800,50000,2
,,41288.48,50000,2
,,6500,50000,2
,,1000,50000,0
,,1000,50000,0
,,34000,50000,0
,,29984.63,50000,2
,,30386.32,50000,2
,,22839.98,50000,2
,,1900,50000,0
,,30000,50000,2
,,8073.2,50000,2
,,5800,50000,0
,,11600,50000,0
,,30000,50000,2
,,15771.98,50000,2
,,35614.92,50000,2
,,8299.24,50000,1
,,36500,50000,0
,,5400,50000,0
,,34699.32,50000,2
,,2500,50000,0
,,30418.71,50000,2
,,26265.82,50000,2
,,10978.57,50000,2
,,40479.42,50000,2
,,13556.78,50000,2
,,1600,50000,0
,,3000,50000,2
,,14400,50000,0
,,44676.38,50000,2
,,3300,50000,0
,,20663.09,50000,2
,,3200,50000,0
,,30050.17,50000,2
,,5200,50000,0
,,8989.01,50000,2
,,13400,50000,0
,,39633.98,50000,2
,,43500,50000,2
,,32000,50000,2
,,7500,50000,2
,,10500,50000,2
,,14529.04,50000,2
,,25932.64,50000,2
,,8400,50000,0
,,3783.76,50000,0
,,10500,50000,2
,,3600,50000,0
,,13319.32,50000,2
,,10000,50000,1
,,8000,50000,0
,,40201.94,50000,2
,,1400,50000,0
,,32253.69,50000,2
,,2200,50000,1
,,46276.75,50000,2
,,1101.63,50000,2
,,5400,50000,0
,,13600,50000,0
,,35243.32,50000,2
,,22418.33,50000,2
,,18200,50000,1
,,31308.67,50000,2
,,28171.05,50000,2
,,13697.42,50000,2
,,3738.41,50000,1
,,1800,50000,0
,,32000,50000,0
,,42816,50000,0
,,17600,50000,0
,,4200,50000,0
,,1546.72,50000,2
,,800,50000,1
,,6000,50000,2
,,46145.79,50000,2
,,15200,50000,0
,,37404.13,50000,2
,,39500,50000,2
,,8600,50000,0
,,7600,50000,0
,,20522.07,50000,2
,,10000,50000,2
,,8500,50000,0
,,22000,50000,0
,,3762.51,50000,0
,,6100,50000,0
,,40149.19,50000,2
,,4200,50000,0
,,5200,50000,0
,,42000,50000,2
,,14000,50000,2
,,9405.43,50000,2
,,26311.61,50000,2
,,45913.97,50000,2
,,30000,50000,2
,,13198.61,50000,2
,,39000,50000,2
,,33330.46,50000,2
,,44209.24,50000,2
,,1000,50000,1
,,4000,50000,0
,,4126.46,50000,2
,,3800,50000,0
,,25694.32,50000,2
,,6000,50000,2
,,17196.14,50000,2
,,14850.76,50000,2
,,45000,50000,0
,,14904.6,50000,2
,,8600,50000,0
,,7956.18,50000,1
,,6300,50000,2
,,4109.28,50000,2
,,34000,50000,0
,,21085.75,50000,2
,,1000,50000,0
,,23400,50000,2
,,15000,50000,2
,,919.7,50000,0
,,26401.56,50000,2
,,13200,50000,1
,,3800,50000,1
,,32924.15,50000,2
,,8000,50000,0
,,15600,50000,0
,,896,50000,0
,,33997.65,50000,2
,,22000,50000,2
,,27630.39,50000,2
,,11699.3,50000,2
,,13921.03,50000,2
,,16050.49,50000,2
,,38429.89,50000,2
,,9690.79,50000,0
,,49641,50000,2
,,16000,50000,1
,,9600,50000,0
,,7600,50000,0
,,22500,50000,0
,,35804.75,50000,2
,,3818.15,50000,2
,,8700,50000,0
,,16959.96,50000,2
,,5800,50000,0
,,6132.33,50000,2
,,9300,50000,0
,,41788.83,50000,2
,,28500,50000,2
,,48302.91,50000,2
,,9800,50000,0
,,13000,50000,2
,,23720.02,50000,2
,,31625.78,50000,2
,,38954.98,50000,2
,,1300,50000,0
,,6819.14,50000,2
,,12300,50000,2
,,13734.92,50000,2
,,41331.16,50000,2
,,5800,50000,0
,,44949.66,50000,2
,,34176.52,50000,2
,,5681.19,50000,2
,,18300,50000,2
,,10000,50000,2
,,49806.32,50000,2
,,19800,50000,0
,,13092.7,50000,2
,,43221.44,50000,2
,,10460.4,50000,2
,,44557.02,50000,2
,,22733.66,50000,2
,,49750.91,50000,2
,,27600,50000,0
,,7700,50000,0
,,25545.05,50000,2
,,2232.05,50000,1
,,22000,50000,0
,,13400,50000,0
,,38800,50000,0
,,2100,50000,0
,,31200,50000,0
,,18112.01,50000,2
,,17400,50000,2
,,33000,50000,0
,,14200,50000,1
,,2327.81,50000,0
,,11600,50000,0
,,43151.23,50000,2
,,6800,50000,2
,,7000,50000,0
,,13800,50000,0
,,21257.56,50000,2
,,2584.03,50000,0
,,1300,50000,0
,,2400,50000,1
,,11048.77,50000,2
,,25514.29,50000,2
,,400,50000,0
,,6100,50000,0
,,16800,50000,0
,,9000,50000,0
,,20700,50000,2
,,2700,50000,0
,,48837.55,50000,2
,,42169.78,50000,2
,,26800,50000,0
,,28712.81,50000,2
,,9601.33,50000,2
,,40708.53,50000,2
,,24163.04,50000,2
,,18000,50000,0
,,4827.73,50000,2
,,13738.77,50000,2
,,3234.64,50000,0
,,9114.63,50000,2
,,40165.18,50000,2
,,37984.27,50000,2
,,3600,50000,0
,,14652.06,50000,2
,,1709.69,50000,1
,,2500,50000,0
,,11700,50000,2
,,19717.28,50000,2
,,22462.11,50000,2
,,7500,50000,0
,,7200,50000,0
,,13321.14,50000,2
,,4200,50000,1
,,1600,50000,2
,,30711.74,50000,2
,,12800,50000,2
,,43886.21,50000,2
,,18000,50000,0
,,5300,50000,0
,,6253.18,50000,0
,,16400,50000,0
,,32000,50000,0
,,42000,50000,2
,,4672.6,50000,0
,,6200,50000,0
,,37231.03,50000,2
,,9800,50000,0
,,22006.78,50000,2
,,18000,50000,1
,,47176.65,50000,2
,,7200,50000,2
,,46737.41,50000,2
,,800,50000,1
,,15400,50000,1
,,15055.72,50000,2
,,35632.55,50000,2
,,27600,50000,0
,,1900,50000,0
,,6200,50000,0
,,17800,50000,1
,,28955.3,50000,2
,,48907.79,50000,2
,,34800,50000,0
,,36324.81,50000,2
,,8371.98,50000,2
,,26742.14,50000,2
,,18749.13,50000,2
,,400,50000,0
,,9942.38,50000,0
,,8832.97,50000,0
,,41030.72,50000,2
,,12000,50000,0
,,18000,50000,0
,,2565.76,50000,0
,,45074.01,50000,2
,,1800,50000,2
,,4600,50000,0
,,20996.51,50000,2
,,18631.7,50000,2
,,49300.97,50000,2
,,25441.99,50000,2
,,1541.36,50000,0
,,46181.26,50000,2
,,9743.17,50000,1
,,18500,50000,0
,,31621.79,50000,2
,,35783.64,50000,2
,,4909.57,50000,2
,,15000,50000,2
,,7200,50000,0
,,39976.21,50000,2
,,6497.08,50000,2
,,12400,50000,0
,,17600,50000,2
,,31200,50000,0
,,2100,50000,0
,,35903.48,50000,2
,,14000,50000,2
,,6900,50000,0
,,8400,50000,2
,,19200,50000,0
,,41141.77,50000,2
,,44615.96,50000,2
,,5600,50000,0
,,39540.75,50000,2
,,2602.51,50000,1
,,800,50000,0
,,14000,50000,2
,,9000,50000,0
,,14600,50000,1
,,500,50000,0
,,7700,50000,0
,,15751.75,50000,2
,,3300,50000,2
,,28400,50000,2
,,21493.57,50000,2
,,11791.64,50000,2
,,600,50000,0
,,8900,50000,0
,,16400,50000,1
,,33818.74,50000,2
,,17400,50000,2
,,43080.62,50000,2
,,10000,50000,0
,,6900,50000,0
,,46205.29,50000,2
,,36400,50000,0
,,7200,50000,0
,,3200,50000,0
,,6900,50000,0
,,7500,50000,0
,,25200,50000,0
,,27581.55,50000,2
,,47476.34,50000,2
,,13200,50000,0
,,10282.05,50000,2
,,10800,50000,1
,,6800,50000,0
,,14000,50000,0
,,23930.1,50000,2
,,12000,50000,0
,,11600,50000,0
,,24800,50000,2
,,6948.55,50000,0
,,15300,50000,2
,,7500,50000,0
,,8132.65,50000,0
,,9600,50000,0
,,43345.2,50000,2
,,44953.97,50000,2
,,19600,50000,0
,,21514.15,50000,2
,,49059.17,50000,2
,,2100,50000,0
,,18400,50000,0
,,33493.95,50000,2
,,1400,50000,1
,,7800,50000,0
,,2200,50000,0
,,2100,50000,0
,,42444.91,50000,2
,,42414.44,50000,2
,,40637.44,50000,2
,,6000,50000,0
,,6190.06,50000,2
,,29089.35,50000,2
,,14000,50000,0
,,6814.4,50000,0
,,5200,50000,1
,,44000,50000,2
,,28400,50000,0
,,33145.92,50000,2
,,25928.9,50000,2
,,9365.19,50000,2
,,32000,50000,0
,,17000,50000,2
,,21000,50000,2
,,6400,50000,0
,,6000,50000,0
,,6100,50000,0
,,10080.66,50000,2
,,4200,50000,0
,,48746.52,50000,2
,,39000,50000,2
,,25200,50000,0
,,10800,50000,1
,,28674.72,50000,2
,,31200,50000,0
,,2201.59,50000,2
,,36000.37,50000,2
,,12300,50000,2
,,22500,50000,0
,,47569.62,50000,2
,,22211.58,50000,2
,,8600,50000,1
,,42518.37,50000,2
,,33807.77,50000,2
,,7400,50000,0
,,43353.53,50000,2
,,34511.98,50000,2
,,37200,50000,0
,,38400,50000,2
,,3900,50000,0
,,15563.17,50000,2
,,8015.96,50000,2
,,25624.41,50000,2
,,45794.19,50000,2
,,41757.02,50000,2
,,49803.63,50000,2
,,22487.3,50000,2
,,17500,50000,2
,,34496.62,50000,2
,,624.67,50000,0
,,33722.65,50000,2
,,18409.11,50000,2
,,36843.04,50000,2
,,45578.59,50000,2
,,38000,50000,2
,,8141.73,50000,0
,,8000,50000,0
,,39957.14,50000,2
,,2854.17,50000,0
,,39200,50000,2
,,18047.99,50000,2
,,22546.67,50000,2
,,40106.06,50000,2
,,30786.04,50000,2
,,35888.9,50000,2
,,48500,50000,0
,,8300,50000,0
,,13200,50000,0
,,18747.19,50000,2
,,1023.02,50000,2
,,4800,50000,2
,,47482.16,50000,2
,,22800,50000,2
,,19600,50000,2
,,36711.61,50000,2
,,17200,50000,0
,,13578.83,50000,2
,,2000,50000,2
,,32000,50000,2
,,34896.77,50000,2
,,45512.18,50000,2
,,1200,50000,0
,,6000,50000,2
,,4200,50000,0
,,36372.42,50000,2
,,3299.15,50000,0
,,20860.56,50000,2
,,8600,50000,0
,,2363.93,50000,2
,,35963.66,50000,2
,,10000,50000,0
,,9000,50000,0
,,1600,50000,0
,,32489.85,50000,2
,,5800,50000,0
,,3900,50000,0
,,16821.69,50000,2
,,48615.57,50000,2
,,1130.79,50000,2
,,9100,50000,0
,,15000,50000,2
,,19184.76,50000,2
,,900,50000,0
,,28622.4,50000,2
,,33003.87,50000,2
,,14800,50000,1
,,8017.54,50000,0
,,15638.98,50000,2
,,7035.01,50000,0
,,48649.22,50000,2
,,19200,50000,0
,,3700,50000,0
,,36800,50000,2
,,5200,50000,0
,,49820.8,50000,2
,,17000,50000,0
,,20022.34,50000,2
,,28874.01,50000,2
,,9500,50000,0
,,10775.25,50000,2
,,36561.69,50000,2
,,49706.73,50000,2
,,16195.96,50000,2
,,41500,50000,0
,,17200,50000,2
,,35448.93,50000,2
,,6000,50000,0
,,16200,50000,2
,,33421.09,50000,2
,,19362.99,50000,2
,,17975.37,50000,2
,,33566.84,50000,2
,,7900,50000,0
,,39426.09,50000,2
,,8600,50000,0
,,8400,50000,0
,,5919.39,50000,0
,,24900,50000,0
,,8100,50000,0
,,4600,50000,0
,,34484.59,50000,2
,,24600,50000,0
,,14600,50000,0
,,25118.47,50000,2
,,25971.55,50000,2
,,47500,50000,2
,,3144.66,50000,2
,,8400,50000,0
,,9875.87,50000,0
,,28000,50000,2
,,2600,50000,0
,,18910.87,50000,2
,,6600,50000,0
,,30237.37,50000,2
,,33836.46,50000,2
,,12831.35,50000,2
,,21189.74,50000,2
,,32247.52,50000,2
,,23100,50000,0
,,44701.89,50000,2
,,21300,50000,2
,,37314.71,50000,2
,,5502.55,50000,0
,,20000,50000,0
,,18600,50000,0
,,6900,50000,0
,,38800,50000,2
,,5700,50000,0
,,28500,50000,0
,,1500,50000,0
,,2669.78,50000,0
,,234.77,50000,0
,,4200,50000,0
,,34800,50000,0
,,27300,50000,0
,,12300,50000,0
,,12000,50000,2
,,8200,50000,1
,,47084.02,50000,2
,,42865.77,50000,2
,,1547.34,50000,0
,,24120.21,50000,2
,,13092.08,50000,2
,,28012.18,50000,2
,,6800,50000,2
,,524.14,50000,0
,,5700,50000,0
,,48500,50000,0
,,32829.26,50000,2
,,2167.11,50000,0
,,1400,50000,0
,,24900,50000,0
,,5000,50000,2
,,49447.18,50000,2
,,2800,50000,0
,,28779.73,50000,2
,,46965.59,50000,2
,,27500,50000,2
,,29661.54,50000,2
,,26500,50000,2
,,7800,50000,0
,,2500,50000,2
,,9100,50000,0
,,43263.74,50000,2
,,5600,50000,2
,,4200,50000,2
,,5600,50000,2
,,37596.89,50000,2
,,22116.94,50000,2
,,17541.62,50000,2
,,45562.07,50000,2
,,27000,50000,0
,,33566.52,50000,2
,,25904.61,50000,2
,,7749.28,50000,2
,,38000,50000,2
,,10467.9,50000,2
,,9500,50000,2
,,28200,50000,0
,,12875.13,50000,2
,,18509.12,50000,2
,,10600,50000,1
,,22000,50000,2
,,2386.69,50000,2
,,39000,50000,0
,,42000,50000,2
,,17400,50000,2
,,13500,50000,0
,,31474.07,50000,2
,,6700,50000,0
,,24650.7,50000,2
,,17600,50000,0
,,800,50000,0
,,49940.9,50000,2
,,9400,50000,1
,,6494.51,50000,2
,,2400,50000,0
,,42781.84,50000,2
,,26940.85,50000,2
,,28694,50000,1
,,23100,50000,0
,,35446.99,50000,2
,,35331.89,50000,2
,,8800,50000,0
,,22871.12,50000,2
,,6000,50000,2
,,48000,50000,2
,,34500,50000,0
,,43000,50000,2
,,11903.66,50000,2
,,7600,50000,0
,,1000,50000,0
,,32844.63,50000,2
,,35833.92,50000,2
,,27600,50000,0
,,33200,50000,0
,,18252.26,50000,2
,,24000,50000,2
,,38532.2,50000,2
,,40000,50000,2
,,9600,50000,0
,,12898.8,50000,2
,,19200,50000,2
,,13400,50000,0
,,21600,50000,2
,,18000,50000,0
,,13600,50000,0
,,12664.23,50000,2
,,41041.94,50000,2
,,10600,50000,0
,,11806.53,50000,2
,,26000,50000,2
,,8500,50000,0
,,17000,50000,1
,,13200,50000,0
,,1775.29,50000,0
,,46606.75,50000,2
,,13352.82,50000,2
,,29000,50000,0
,,4900,50000,0
,,15507.03,50000,2
,,22619.7,50000,2
,,29600,50000,0
,,800,50000,0
,,6500,50000,0
,,12179.37,50000,2
,,23837.66,50000,2
,,24734.8,50000,2
,,17985.65,50000,2
,,9677.74,50000,2
,,24374.39,50000,2
,,9200,50000,2
,,3600,50000,0
,,17517.57,50000,2
,,15188.56,50000,2
,,9600,50000,1
,,2400,50000,1
,,22800,50000,0
,,3900,50000,0
,,5224.15,50000,0
,,18600,50000,0
,,27179.71,50000,2
,,6300,50000,2
,,39169.6,50000,2
,,44799.72,50000,2
,,45309.09,50000,2
,,20292.43,50000,2
,,8200,50000,0
,,30559.68,50000,2
,,46788.92,50000,2
,,35550.4,50000,2
,,39837.74,50000,2
,,11600,50000,0
,,19200,50000,0
,,30727.75,50000,2
,,220.36,50000,2
,,19400,50000,0
,,5400,50000,0
,,25200,50000,0
,,9600,50000,0
,,8600,50000,0
,,11500,50000,2
,,4000,50000,0
,,43179.7,50000,2
,,11200,50000,1
,,40000,50000,0
,,41000,50000,0
,,12800,50000,0
,,33500,50000,0
,,10000,50000,2
,,12793.48,50000,2
,,24066.45,50000,2
,,29000,50000,0
,,11454.91,50000,2
,,308.07,50000,2
,,49002.79,50000,2
,,12600,50000,0
,,25200,50000,2
,,11200,50000,0
,,4200,50000,0
,,37345.34,50000,2
,,14070.96,50000,2
,,48645.92,50000,2
,,2892.14,50000,0
,,16844.75,50000,2
,,5200,50000,0
,,22000,50000,0
,,46029.81,50000,2
,,10400,50000,0
,,18000,50000,0
,,38000,50000,0
,,6500,50000,0
,,49500,50000,0
,,17200,50000,0
,,18385.29,50000,2
,,14084.59,50000,2
,,30076.05,50000,2
,,8489,50000,2
,,4400,50000,0
,,26380.94,50000,2
,,8970.07,50000,0
,,16800,50000,0
,,19916.94,50000,2
,,12894.04,50000,2
,,28326.96,50000,2
,,13027.79,50000,2
,,46052.4,50000,2
,,19507.38,50000,2
,,4800,50000,0
,,357.89,50000,2
,,3100,50000,0
,,35053.9,50000,2
,,6100,50000,0
,,12400,50000,2
,,34516.46,50000,2
,,38400,50000,2
,,2600,50000,0
,,10000,50000,2
,,22853.97,50000,2
,,17807.21,50000,2
,,33246.25,50000,2
,,34000,50000,2
,,12495.36,50000,2
,,28527,50000,2
,,35159.55,50000,2
,,27553.83,50000,2
,,10800,50000,1
,,25770.72,50000,2
,,28098.72,50000,2
,,40133.78,50000,2
,,29012.27,50000,2
,,23535.17,50000,2
,,2100,50000,0
,,20993.61,50000,2
,,9800,50000,1
,,13800,50000,1
,,35200,50000,0
,,5634.2,50000,0
,,46205.43,50000,2
,,40500,50000,2
,,9000,50000,2
,,4800,50000,0
,,1600,50000,0
,,30000,50000,0
,,44225.43,50000,2
,,34984.28,50000,2
,,44283.55,50000,2
,,8200,50000,0
,,9400,50000,0
,,9728.63,50000,2
,,17570.22,50000,2
,,38842.59,50000,2
,,40468.62,50000,2
,,29000,50000,2
,,34000,50000,2
,,43406.62,50000,2
,,2000,50000,2
,,5500,50000,0
,,48476.05,50000,2
,,5100,50000,0
,,37058.04,50000,2
,,41671.92,50000,2
,,37635.26,50000,2
,,30000,50000,0
,,16400,50000,1
,,41115.76,50000,2
,,2100,50000,0
,,13200,50000,0
,,36947.38,50000,2
,,26725.87,50000,2
,,22712.82,50000,2
,,3800,50000,1
,,5400,50000,2
,,3712.91,50000,1
,,644.67,50000,0
,,1200,50000,0
,,46500,50000,2
,,36982.05,50000,2
,,21968.23,50000,2
,,4100,50000,0
,,36653.29,50000,2
,,8600,50000,0
,,1869.52,50000,2
,,16600,50000,1
,,15000,50000,0
,,47534.58,50000,2
,,36385.29,50000,2
,,5482.01,50000,1
,,5200,50000,0
,,2800,50000,0
,,17268.85,50000,2
,,5600,50000,0
,,34306.88,50000,2
,,15951.65,50000,2
,,9900,50000,0
,,37162.27,50000,2
,,500,50000,0
,,2700,50000,0
,,13151.43,50000,2
,,30000,50000,0
,,31918.79,50000,2
,,9800,50000,0
,,7600,50000,0
,,5100,50000,0
,,43293.8,50000,2
,,9300,50000,0
,,2100,50000,2
,,9300,50000,0
,,8100,50000,2
,,25200,50000,2
,,4200,50000,2
,,15500,50000,2
,,2432.66,50000,0
,,32883.24,50000,2
,,37805.44,50000,2
,,42240.9,50000,2
,,47445.24,50000,2
,,24500,50000,0
,,14616.74,50000,2
,,900,50000,2
,,16800,50000,2
,,47000,50000,2
,,32400,50000,2
,,33504.9,50000,2
,,8627.17,50000,1
,,14102.65,50000,2
,,44381.2,50000,2
,,14389.11,50000,2
,,2300,50000,0
,,6000,50000,2
,,21355.15,50000,2
,,41859.67,50000,2
,,400,50000,1
,,1600,50000,0
,,2561.18,50000,0
,,27600,50000,2
,,36000,50000,0
,,939.59,50000,0
,,9000,50000,0
,,37834.66,50000,2
,,1800,50000,1
,,4400,50000,0
,,6700,50000,0
,,18894.18,50000,2
,,32487.78,50000,2
,,37386.78,50000,2
,,13000,50000,2
,,45560.19,50000,2
,,3667.74,50000,2
,,21267.35,50000,2
,,14528.15,50000,2
,,8700,50000,0
,,9952.77,50000,0
,,38800,50000,2
,,1200,50000,0
,,7832.41,50000,1
,,16000,50000,0
,,5600,50000,1
,,37207.72,50000,2
,,1000,50000,0
,,35240.38,50000,2
,,43551.81,50000,2
,,5400,50000,2
,,18800,50000,2
,,16265.93,50000,2
,,10427.6,50000,2
,,43172.5,50000,2
,,1200,50000,0
,,24198.34,50000,2
,,26800,50000,0
,,35842.62,50000,2
,,24390.83,50000,2
,,4200,50000,1
,,3200,50000,0
,,6900,50000,2
,,19905.35,50000,2
,,800,50000,0
,,22963.35,50000,2
,,20000,50000,2
,,36336.97,50000,2
,,20600.66,50000,2
,,28000,50000,0
,,34000,50000,0
,,49592.98,50000,2
,,23896.81,50000,2
,,48500,50000,0
,,11200,50000,2
,,10800,50000,0
,,44483.75,50000,2
,,43937.97,50000,2
,,35200,50000,0
,,49669.73,50000,2
,,15900,50000,0
,,25457.96,50000,2
,,30409.84,50000,2
,,17904.02,50000,2
,,37917.29,50000,2
,,11479.98,50000,2
,,23200,50000,2
,,1074.67,50000,2
,,4281.41,50000,0
,,4000,50000,0
,,40301.78,50000,2
,,4300,50000,0
,,1151.98,50000,0
,,10400,50000,1
,,31188.4,50000,2
,,26500,50000,0
,,21630.56,50000,2
,,29400,50000,0
,,5000,50000,2
,,1121.24,50000,0
,,30267.8,50000,2
,,48000,50000,2
,,17600,50000,1
,,18500,50000,2
,,15000,50000,0
,,12717.92,50000,2
,,11800,50000,0
,,34117,50000,2
,,37073.46,50000,2
,,8086.37,50000,0
,,11700,50000,0
,,18986.45,50000,2
,,14000,50000,2
,,13800,50000,1
,,2800,50000,0
,,8700,50000,0
,,12800,50000,2
,,39763.89,50000,2
,,1900,50000,0
,,7995,50000,0
,,10200,50000,1
,,41225.83,50000,2
,,20287.6,50000,2
,,36183.86,50000,2
,,2141.05,50000,0
,,16100.87,50000,2
,,7000,50000,0
,,28186.6,50000,2
,,32947.44,50000,2
,,12000,50000,2
,,10600,50000,0
,,2600,50000,0
,,15200,50000,0
,,6000,50000,0
,,12300,50000,0
,,29680.62,50000,2
,,43030.57,50000,2
,,24321.78,50000,2
,,1600,50000,2
,,18529.72,50000,2
,,6029.55,50000,0
,,46227.54,50000,2
,,49914.7,50000,2
,,907.29,50000,0
,,48643.99,50000,2
,,7839.11,50000,2
,,4000,50000,0
,,28400,50000,2
,,10800,50000,0
,,9471.57,50000,0
,,3000,50000,0
,,13461.67,50000,2
,,7400,50000,0
,,32000,50000,0
,,21300,50000,0
,,5600,50000,0
,,14600,50000,0
,,22053.88,50000,2
,,2000,50000,0
,,44806.33,50000,2
,,5100,50000,0
,,6050.57,50000,0
,,7600,50000,0
,,13600,50000,2
,,11200,50000,0
,,26704.2,50000,2
,,12800,50000,2
,,5534.27,50000,0
,,18124.9,50000,2
,,15000,50000,0
,,7758.47,50000,0
,,17000,50000,2
,,2200,50000,0
,,14278.02,50000,2
,,18152.49,50000,2
,,39000,50000,2
,,12900,50000,2
,,10000,50000,2
,,4297.71,50000,0
,,6900,50000,2
,,11800,50000,1
,,36215.89,50000,2
,,35355.47,50000,2
,,9248.84,50000,0
,,31533.11,50000,2
,,2600,50000,0
,,43000,50000,2
,,25438.17,50000,2
,,8700,50000,0
,,14400,50000,0
,,26500,50000,2
,,626.76,50000,2
,,24661.52,50000,2
,,3500,50000,0
,,39200,50000,0
,,8800,50000,0
,,39672.28,50000,2
,,4156.71,50000,2
,,24842.01,50000,2
,,43020.22,50000,2
,,13729.52,50000,2
,,1472.71,50000,0
,,34126.43,50000,2
,,12998.09,50000,2
,,12000,50000,2
,,3145.4,50000,0
,,16500,50000,2
,,24066.95,50000,2
,,11100,50000,0
,,17990.16,50000,2
,,778.95,50000,0
,,32902.7,50000,2
,,8000,50000,0
,,28500,50000,0
,,37500,50000,0
,,37423,50000,2
,,49006.79,50000,2
,,21198.8,50000,2
,,22800,50000,2
,,23700,50000,2
,,6400,50000,0
,,4800,50000,0
,,15000,50000,1
,,27404.17,50000,2
,,47693.6,50000,2
,,33244.83,50000,2
,,38465.38,50000,2
,,6466.78,50000,0
,,33200,50000,0
,,35533.98,50000,2
,,34965.48,50000,2
,,1200,50000,0
,,25493.88,50000,2
,,16200,50000,0
,,16000,50000,2
,,20000,50000,0
,,29500,50000,0
,,9300,50000,0
,,49308.94,50000,2
,,45500,50000,0
,,27708.09,50000,2
,,13600,50000,0
,,43939.48,50000,2
,,40617.37,50000,2
,,8800,50000,1
,,17509.95,50000,2
,,11700,50000,0
,,22800,50000,0
,,29147.21,50000,2
,,45231.78,50000,2
,,41736.7,50000,2
,,18600,50000,1
,,29320.41,50000,2
,,13000,50000,1
,,3000,50000,0
,,9200,50000,0
,,23100,50000,0
,,25531.72,50000,2
,,482.56,50000,2
,,38629.36,50000,2
,,39075.37,50000,2
,,32322.01,50000,2
,,37946.44,50000,2
,,23500,50000,2
,,4700,50000,0
,,28382.3,50000,2
,,23500,50000,0
,,18400,50000,0
,,42500,50000,0
,,20700,50000,0
,,22284.65,50000,2
,,10209.46,50000,2
,,39477.85,50000,2
,,49883.2,50000,2
,,40733.86,50000,2
,,23154.51,50000,2
,,5900,50000,0
,,29700,50000,0
,,506.43,50000,2
,,3318.03,50000,2
,,40175.49,50000,2
,,38947.33,50000,2
,,605.22,50000,0
,,8068.71,50000,1
,,16596.25,50000,2
,,29302.87,50000,2
,,654.53,50000,0
,,40700.13,50000,2
,,26000,50000,0
,,18000,50000,2
,,2000,50000,0
,,3000,50000,1
,,10400,50000,0
,,12000,50000,1
,,35313.44,50000,2
,,16610.95,50000,2
,,22234.23,50000,2
,,40351.33,50000,2
,,46402.76,50000,2
,,23394.31,50000,2
,,40172.84,50000,2
,,2600,50000,0
,,28199.23,50000,2
,,394.09,50000,2
,,21256.13,50000,2
,,26268.32,50000,2
,,10800,50000,0
,,26100,50000,0
,,46642.62,50000,2
,,14800,50000,0
,,36400,50000,0
,,9700,50000,0
,,7300,50000,0
,,31353.84,50000,2
,,44643.99,50000,2
,,8141.45,50000,2
,,2566.1,50000,0
,,34934.51,50000,2
,,19949.6,50000,2
,,39262.74,50000,2
,,19844.72,50000,2
,,20772.65,50000,2
,,44026.58,50000,2
,,14200,50000,0
,,15400,50000,1
,,16267.75,50000,2
,,19600,50000,2
,,5024.79,50000,2
,,29475.46,50000,2
,,24000,50000,0
,,6600,50000,0
,,3400,50000,1
,,29470.26,50000,2
,,14800,50000,1
,,2160.24,50000,0
,,10521.13,50000,2
,,24030.46,50000,2
,,40696.2,50000,2
,,4133.39,50000,2
,,22500,50000,0
,,1045.37,50000,2
,,3300,50000,0
,,28957.16,50000,2
,,15200,50000,0
,,16214.97,50000,2
,,28500,50000,2
,,2451.68,50000,0
,,49519.57,50000,2
,,43905.99,50000,2
,,48820.36,50000,2
,,5100,50000,0
,,15456.27,50000,2
,,36000,50000,2
,,45435.32,50000,2
,,45490.21,50000,2
,,624.81,50000,2
,,8700,50000,2
,,32722.09,50000,2
,,9000,50000,2
,,13200,50000,0
,,45272.2,50000,2
,,2500,50000,0
,,38500,50000,2
,,40000,50000,2
,,31473.22,50000,2
,,13600,50000,0
,,7200,50000,0
,,18000,50000,2
,,15016.48,50000,2
,,30445.09,50000,2
,,7908.74,50000,0
,,19200,50000,0
,,19021.58,50000,2
,,46984.26,50000,2
,,5100,50000,2
,,44963.21,50000,2
,,2777.49,50000,0
,,20512.06,50000,2
,,22903.7,50000,2
,,16124.37,50000,2
,,21867.51,50000,2
,,13576.48,50000,2
,,11800,50000,0
,,14100,50000,2
,,8800,50000,0
,,26135.45,50000,2
,,8847.08,50000,2
,,10128.75,50000,2
,,42807.9,50000,2
,,6800,50000,0
,,25173.6,50000,2
,,29424.99,50000,2
,,8700,50000,2
,,49633.75,50000,2
,,500,50000,0
,,11954.52,50000,2
,,22689.79,50000,2
,,39739.76,50000,2
,,15400,50000,0
,,44838.08,50000,2
,,46563.5,50000,2
,,23100,50000,0
,,29355.17,50000,2
,,18000,50000,2
,,16000,50000,2
,,800,50000,0
,,1000,50000,2
,,17100,50000,2
,,26400,50000,0
,,42846.09,50000,2
,,30974.79,50000,2
,,21419.05,50000,2
,,38491.37,50000,2
,,14700,50000,2
,,15049.1,50000,2
,,10400,50000,0
,,4200,50000,0
,,5504.19,50000,1
,,22420.7,50000,2
,,19465.89,50000,2
,,12200,50000,1
,,38236.71,50000,2
,,5048.53,50000,0
,,20968.08,50000,2
,,12900,50000,0
,,44625.66,50000,2
,,14800,50000,2
,,20000,50000,0
,,25800,50000,2
,,4100,50000,0
,,16281.97,50000,2
,,18500,50000,0
,,26443.94,50000,2
,,22818.75,50000,2
,,1515.5,50000,0
,,9200,50000,0
,,30000,50000,0
,,3600,50000,0
,,35081.36,50000,2
,,2400,50000,0
,,24156.87,50000,2
,,13200,50000,0
,,13650.87,50000,2
,,31339.93,50000,2
,,25500,50000,0
,,41170.92,50000,2
,,38143.69,50000,2
,,45500,50000,2
,,5698.97,50000,0
,,34993.38,50000,2
,,34594.12,50000,2
,,2000,50000,2
,,26841.26,50000,2
,,2400,50000,0
,,29100,50000,0
,,23431.92,50000,2
,,39517.09,50000,2
,,30950.48,50000,2
,,13808.42,50000,2
,,9500,50000,0
,,400,50000,1
,,18565.41,50000,2
,,29000,50000,2
,,21900,50000,2
,,6515.57,50000,0
,,3588.25,50000,2
,,3185.51,50000,2
,,31253.92,50000,2
,,6700,50000,0
,,36341.11,50000,2
,,31500,50000,0
,,9001.64,50000,2
,,15859.13,50000,2
,,1500,50000,0
,,25200,50000,2
,,9800,50000,1
,,400,50000,0
,,13704.79,50000,2
,,16000,50000,0
,,2800,50000,2
,,9400,50000,0
,,29483.89,50000,2
,,22500,50000,2
,,43826.41,50000,2
,,7275.61,50000,0
,,6600,50000,1
,,36000,50000,0
,,6600,50000,0
,,7120.62,50000,2
,,22795.53,50000,2
,,35227.92,50000,2
,,2578.27,50000,1
,,23500,50000,2
,,11600,50000,0
,,11953.36,50000,2
,,1200,50000,2
,,10040.06,50000,2
,,24300,50000,0
,,16370.48,50000,2
,,29472.62,50000,2
,,40112.57,50000,2
,,18300,50000,0
,,32112.29,50000,2
,,9372.71,50000,0
,,32408.52,50000,2
,,24288.02,50000,2
,,18051.87,50000,2
,,46099.62,50000,2
,,7842.6,50000,0
,,43248.79,50000,2
,,17800,50000,1
,,27357.84,50000,2
,,20025.48,50000,2
,,3573.68,50000,0
,,5357.69,50000,1
,,13000,50000,1
,,17873.91,50000,2
,,19000,50000,1
,,26700,50000,0
,,17831.59,50000,2
,,48501.47,50000,2
,,4980.82,50000,0
,,13500,50000,0
,,27300,50000,0
,,41732.11,50000,2
,,2577.18,50000,0
,,25320.8,50000,2
,,9285.72,50000,0
,,37704.78,50000,2
,,32800,50000,2
,,8000,50000,1
,,14100,50000,0
,,40962.28,50000,2
,,1100,50000,0
,,35600,50000,0
,,39275.43,50000,2
,,28200,50000,0
,,5200,50000,1
,,4900,50000,0
,,46784.33,50000,2
,,48736.21,50000,2
,,5000,50000,1
,,15200,50000,1
,,30400,50000,2
,,26896.9,50000,2
,,5900,50000,0
,,28500,50000,0
,,18004.94,50000,2
,,17484.39,50000,2
,,4000,50000,0
,,38500,50000,0
,,30000,50000,0
,,17800,50000,1
,,46276.75,50000,2
,,36400,50000,2
,,7200,50000,0
,,17664.68,50000,2
,,21912.11,50000,2
,,15243.79,50000,2
,,22966.14,50000,2
,,830.28,50000,2
,,8600,50000,1
,,5700,50000,0
,,20500,50000,2
,,43879.35,50000,2
,,16549.97,50000,2
,,32400,50000,2
,,6500,50000,0
,,5800,50000,0
,,9802.1,50000,1
,,3824.82,50000,1
,,46307.19,50000,2
,,20000,50000,0
,,24502.43,50000,2
,,1527.26,50000,0
,,8800,50000,0
,,32000,50000,0
,,40866.02,50000,2
,,1600,50000,0
,,15200,50000,0
,,44017.95,50000,2
,,31016.85,50000,2
,,25260.73,50000,2
,,15600,50000,2
,,31000,50000,0
,,35659.69,50000,2
,,3208.53,50000,1
,,26700,50000,2
,,600,50000,0
,,16080.03,50000,2
,,29500,50000,2
,,47040.86,50000,2
,,30500,50000,2
,,29400,50000,0
,,39690.58,50000,2
,,400,50000,1
,,39720.73,50000,2
,,32121.68,50000,2
,,46778.9,50000,2
,,36292.92,50000,2
,,41757.08,50000,2
,,30185.02,50000,2
,,1700,50000,0
,,34058.12,50000,2
,,24282.86,50000,2
,,23084.36,50000,2
,,4978.7,50000,2
,,21860.15,50000,2
,,32400,50000,2
,,6219.17,50000,0
,,5197.66,50000,2
,,39254.13,50000,2
,,5960.51,50000,0
,,30500,50000,2
,,43779.75,50000,2
,,6792.05,50000,0
,,28500,50000,0
,,800,50000,1
,,17400,50000,2
,,42372.18,50000,2
,,5800,50000,1
,,7000,50000,1
,,1800,50000,0
,,41113.3,50000,2
,,39000,50000,0
,,36800,50000,0
,,1119.92,50000,0
,,2007.61,50000,0
,,32792.7,50000,2
,,27530.62,50000,2
,,42415.6,50000,2
,,21000,50000,0
,,18093.63,50000,2
,,31311.97,50000,2
,,26023.67,50000,2
,,4173.7,50000,0
,,48329.49,50000,2
,,14000,50000,0
,,35212.54,50000,2
,,47951.19,50000,2
,,44856.18,50000,2
,,21828.18,50000,2
,,48763.5,50000,2
,,3451.27,50000,2
,,4000,50000,0
,,19800,50000,0
,,47706.45,50000,2
,,11000,50000,0
,,14400,50000,2
,,30000,50000,2
,,6400,50000,0
,,15900,50000,0
,,17436.87,50000,2
,,35617.19,50000,2
,,7961.67,50000,2
,,7800,50000,2
,,3500,50000,0
,,6000,50000,0
,,46500,50000,0
,,11437.4,50000,2
,,9200,50000,0
,,48761.67,50000,2
,,26939.52,50000,2
,,5000,50000,0
,,18797.26,50000,2
,,2000,50000,0
,,6413.86,50000,2
,,700,50000,0
,,22000,50000,2
,,23838.13,50000,2
,,5700,50000,0
,,8700,50000,0
,,43260.13,50000,2
,,20700,50000,0
,,48361.14,50000,2
,,29700,50000,2
,,14400,50000,0
,,48297.54,50000,2
,,1600,50000,0
,,45500,50000,2
,,28200,50000,0
,,28293.32,50000,2
,,17203.13,50000,2
,,1600,50000,0
,,5700,50000,2
,,4877.75,50000,0
,,29100,50000,0
,,45212.23,50000,2
,,3100,50000,0
,,3035.76,50000,0
,,6800,50000,2
,,32959.29,50000,2
,,8000,50000,0
,,30441.63,50000,2
,,8300,50000,0
,,20967.99,50000,2
,,29688.41,50000,2
,,965.11,50000,0
,,2400,50000,2
,,19800,50000,0
,,9900,50000,0
,,12524.62,50000,2
,,24800,50000,0
,,9500,50000,0
,,6800,50000,1
,,5619.38,50000,1
,,22149.13,50000,2
,,31200,50000,2
,,18000,50000,2
,,12000,50000,0
,,27500,50000,0
,,40000,50000,2
,,35600,50000,0
,,241.27,50000,0
,,15535.71,50000,2
,,45631.65,50000,2
,,4541.9,50000,1
,,39815.76,50000,2
,,30393.01,50000,2
,,14664.5,50000,2
,,6909.27,50000,0
,,36110.75,50000,2
,,8677.17,50000,2
,,9194.7,50000,2
,,2800,50000,0
,,27200,50000,2
,,21527.44,50000,2
,,9000,50000,0
,,530.53,50000,2
,,36265.47,50000,2
,,9200,50000,0
,,17330.06,50000,2
,,31120.41,50000,2
,,32339.95,50000,2
,,48874.06,50000,2
,,28039.88,50000,2
,,40848.02,50000,2
,,29839.18,50000,2
,,7500,50000,2
,,4157.23,50000,0
,,41219.64,50000,2
,,1200,50000,0
,,17000,50000,0
,,7200,50000,0
,,4500,50000,2
,,8200,50000,0
,,27489.67,50000,2
,,19728.27,50000,2
,,29120.71,50000,2
,,10298.7,50000,2
,,21402.24,50000,2
,,28800,50000,2
,,33500,50000,2
,,1753.75,50000,0
,,47395.07,50000,2
,,25574.97,50000,2
,,41665.59,50000,2
,,5000,50000,1
,,16091.35,50000,2
,,6400,50000,0
,,7600,50000,0
,,5200,50000,0
,,6600,50000,0
,,12400,50000,0
,,15600,50000,0
,,35615.14,50000,2
,,9300,50000,0
,,7219.2,50000,0
,,45813.15,50000,2
,,3100,50000,0
,,29000,50000,0
,,6600,50000,0
,,42303.03,50000,2
,,900,50000,0
,,7200,50000,2
,,10800,50000,0
,,9600,50000,2
,,15000,50000,1
,,19400,50000,0
,,5454.13,50000,2
,,37500,50000,0
,,23500,50000,2
,,13401.49,50000,2
,,2700,50000,2
,,7467.02,50000,0
,,6800,50000,0
,,40475.46,50000,2
,,29100,50000,0
,,30924.54,50000,2
,,16200,50000,1
,,20823.47,50000,2
,,13269.87,50000,2
,,11800,50000,0
,,17100.59,50000,2
,,15782.78,50000,2
,,10600,50000,1
,,27000,50000,2
,,28000,50000,0
,,500,50000,0
,,8629.14,50000,2
,,35500,50000,0
,,31683.44,50000,2
,,45597.52,50000,2
,,27098.67,50000,2
,,29600,50000,0
,,16400,50000,1
,,38115.3,50000,2
,,6800,50000,0
,,35600,50000,0
,,10630.05,50000,2
,,14000,50000,0
,,25800,50000,2
,,36889.58,50000,2
,,10800,50000,1
,,16800,50000,0
,,3800,50000,0
,,400,50000,1
,,34408.39,50000,2
,,33336.69,50000,2
,,16451.64,50000,2
,,22390.64,50000,2
,,41644.38,50000,2
,,21200,50000,0
,,26400,50000,0
,,210.69,50000,0
,,40456.53,50000,2
,,8800,50000,0
,,23150.72,50000,2
,,9658.71,50000,0
,,19005.22,50000,2
,,5500,50000,2
,,3438.32,50000,2
,,28800,50000,0
,,28560.34,50000,2
,,41184.94,50000,2
,,24600,50000,0
,,29420.6,50000,2
,,42147.76,50000,2
,,14944.68,50000,2
,,4200,50000,0
,,47391.59,50000,2
,,5500,50000,0
,,2400,50000,0
,,45500,50000,2
,,16600,50000,1
,,44500,50000,0
,,19600,50000,1
,,21492.34,50000,2
,,39049.07,50000,2
,,24265.81,50000,2
,,13200,50000,1
,,5739.06,50000,0
,,106.94,50000,0
,,270.31,50000,0
,,18790.64,50000,2
,,10200,50000,0
,,1078.55,50000,2
,,25752.41,50000,2
,,42326.09,50000,2
,,1600,50000,2
,,22950.53,50000,2
,,9500,50000,0
,,26100,50000,2
,,2900,50000,0
,,3800,50000,1
,,35145.52,50000,2
,,10000,50000,0
,,757.95,50000,0
,,39200,50000,2
,,46126.96,50000,2
,,45648.35,50000,2
,,900,50000,0
,,4291.29,50000,0
,,17895.68,50000,2
,,28689.67,50000,2
,,16600,50000,0
,,38000,50000,2
,,4400,50000,0
,,6900,50000,0
,,1800,50000,0
,,43547.29,50000,2
,,400,50000,1
,,10475.83,50000,2
,,14100,50000,2
,,22156.33,50000,2
,,20400,50000,0
,,23700,50000,0
,,5417.62,50000,0
,,6600,50000,0
,,38811.32,50000,2
,,25586.89,50000,2
,,900,50000,0
,,45416.89,50000,2
,,6000,50000,0
,,17200,50000,1
,,12458,50000,0
,,43631.09,50000,2
,,19800,50000,1
,,12600,50000,0
,,16200,50000,1
,,21300,50000,0
,,20014.15,50000,2
,,28885.85,50000,2
,,17757.93,50000,2
,,10489.96,50000,2
,,1600,50000,0
,,36800,50000,2
,,9501,50000,0
,,36607.42,50000,2
,,1000,50000,0
,,7643.75,50000,0
,,7500,50000,2
,,22025.25,50000,2
,,4400,50000,0
,,8400,50000,0
,,8400,50000,2
,,27739.11,50000,2
,,32443.05,50000,2
,,9200,50000,0
,,21000,50000,2
,,42219.23,50000,2
,,7227.22,50000,0
,,11600,50000,0
,,39083.53,50000,2
,,15394.38,50000,2
,,20722.37,50000,2
,,42454.91,50000,2
,,31928.69,50000,2
,,8000,50000,0
,,42021.36,50000,2
,,5000,50000,1
,,9200,50000,1
,,11000,50000,0
,,600,50000,0
,,29457.37,50000,2
,,32841.05,50000,2
,,4755.95,50000,0
,,5500,50000,0
,,19200,50000,2
,,7200,50000,0
,,46555.1,50000,2
,,16915.64,50000,2
,,30739.91,50000,2
,,8200,50000,0
,,10000,50000,1
,,7800,50000,1
,,7382.07,50000,2
,,2500,50000,0
,,16000,50000,2
,,45232.98,50000,2
,,30500,50000,2
,,18421.46,50000,2
,,28983.14,50000,2
,,28000,50000,0
,,41500,50000,2
,,4400,50000,0
,,4600,50000,1
,,22964.23,50000,2
,,45343.85,50000,2
,,1000,50000,2
,,8400,50000,1
,,18238.04,50000,2
,,4800,50000,0
,,39000,50000,2
,,22830.5,50000,2
,,17700,50000,0
,,44500,50000,0
,,14400,50000,0
,,20500,50000,2
,,33793.62,50000,2
,,3000,50000,0
,,40962.22,50000,2
,,21238.41,50000,2
,,6600,50000,1
,,9000,50000,1
,,34503.54,50000,2
,,9800,50000,1
,,15783.41,50000,2
,,8800,50000,0
,,19600,50000,0
,,15449.9,50000,2
,,11617.74,50000,2
,,22067.52,50000,2
,,36525,50000,2
,,6300,50000,0
,,11130.56,50000,2
,,4923.86,50000,0
,,7200,50000,2
,,30946.05,50000,2
,,33670.61,50000,2
,,28123.16,50000,2
,,8500,50000,2
,,3200,50000,1
,,16000,50000,1
,,27740.87,50000,2
,,41000,50000,2
,,20405.69,50000,2
,,15194.9,50000,2
,,21361.48,50000,2
,,48000,50000,2
,,4800,50000,2
,,26100,50000,2
,,30500,50000,0
,,16631.01,50000,2
,,3200,50000,0
,,11788.76,50000,2
,,10094.99,50000,2
,,18800,50000,2
,,3200,50000,2
,,9073.54,50000,1
,,1200,50000,1
,,7600,50000,0
,,5686.15,50000,0
,,44360.53,50000,2
,,20128.59,50000,2
,,42393.93,50000,2
,,5400,50000,0
,,47123.22,50000,2
,,19601.44,50000,2
,,12800,50000,1
,,18800,50000,0
,,32000,50000,0
,,11007.45,50000,2
,,300,50000,0
,,11181.09,50000,2
,,3600,50000,0
,,42600.98,50000,2
,,5600,50000,0
,,28228.64,50000,2
,,178.94,50000,0
,,26400,50000,2
,,3800,50000,1
,,45560.88,50000,2
,,5900,50000,0
,,49800.2,50000,2
,,6100,50000,0
,,4700,50000,0
,,4000,50000,0
,,6000,50000,0
,,16639.55,50000,2
,,17000,50000,2
,,16490.13,50000,2
,,7000,50000,0
,,40915.82,50000,2
,,37425.31,50000,2
,,23929.79,50000,2
,,48681.86,50000,2
,,32131.77,50000,2
,,5800,50000,0
,,8600,50000,0
,,17286.71,50000,2
,,22340.44,50000,2
,,15335.4,50000,2
,,24288.73,50000,2
,,22620.15,50000,2
,,2000,50000,2
,,28081.76,50000,2
,,14758.69,50000,2
,,32506.14,50000,2
,,7473.72,50000,0
,,43870.59,50000,2
,,40479.37,50000,2
,,34235.88,50000,2
,,5170.85,50000,0
,,49420.4,50000,2
,,9000,50000,0
,,24600,50000,0
,,40405.73,50000,2
,,6800,50000,2
,,39213.41,50000,2
,,1231.32,50000,2
,,12653.05,50000,2
,,44267.66,50000,2
,,10400,50000,0
,,10200,50000,2
,,18200,50000,1
,,9600,50000,2
,,13266.33,50000,2
,,41679.2,50000,2
,,38254.53,50000,2
,,13928.55,50000,2
,,1496.97,50000,0
,,400,50000,0
,,19279.36,50000,2
,,30937.12,50000,2
,,19583.12,50000,2
,,43184.24,50000,2
,,3370.97,50000,0
,,7400,50000,0
,,36000,50000,0
,,40325.29,50000,2
,,869.55,50000,1
,,34367.55,50000,2
,,38937.44,50000,2
,,4000,50000,2
,,35513.72,50000,2
